,,,,,,,,Revenue,,,,,,,,,,,,,,,,,,,,,,,,,,,,,,,,,,,,,,,,,,,,,,,,,,,Spend,,,,,,,,,,,,,,,,,,,,,,,,,,,,,,,,,,,,,,,,,,,,,,,,,,,Revenue Share %,,,,,,,,,,,,,,,,,,,,,,,,,,,,,,,,,,,,,,,,,,,,,,,,,,,Spend Share %,,,,,,,,,,,,,,,,,,,,,,,,,,,,,,,,,,,,,,,,,,,,,,,,,,,ROAS,,,,,,,,,,,,,,,,,,,,,,,,,,,,Monthly Growth Revenue,,,,,,,,,,,,,,,,,,,,,,,,,,,,,,,,,,,,,,,,Monthly Growth Spends,,,,,,,,,,,,,,,,,,,,,,,,,,,,,,,,,,,,,,Growth Gap (%),,,,,,,,,,,,,,,,,,,,,,,,,,,,,,,,,,,,,,CQGR% (Revenue),,,,12-M CMGR%,6-M CMGR%,YoY Quarter Growth,2024 - 2025,,,2025 - 2026,,,2026 - 2027,,,2027 - 2028,,,Seasonal Influence,,,,,,,,,,,
SD Category,Category,Channels Sub,Channels - Main,Category Owner,New/Existing,Launch Month (2024+),Accounted In SD Total,Jan'24,Feb'24,Mar'24,Apr'24,May'24,Jun'24,Jul'24,Aug'24,Sep'24,Oct'24,Nov'24,Dec'24,Jan'25,Feb'25,Mar'25,Apr'25,May'25,Jun'25,Jul'25,Aug'25,Sep'25,Oct'25,Nov'25,Dec'25,Jan'26,Feb'26,Mar'26,Apr'26,May'26,Jun'26,Jul'26,Aug'26,Sep'26,Oct'26,Nov'26,Dec'26,Jan'27,Feb'27,Mar'27,Apr'27,May'27,Jun'27,Jul'27,Aug'27,Sep'27,Oct'27,Nov'27,Dec'27,Jan'28,Feb'28,Mar'28,Jan 2024,Feb 2024,Mar 2024,Apr 2024,May 2024,Jun 2024,Jul 2024,Aug 2024,Sep 2024,Oct 2024,Nov 2024,Dec 2024,Jan 2025,Feb 2025,Mar 2025,Apr 2025,May 2025,Jun 2025,Jul 2025,Aug 2025,Sep 2025,Oct 2025,Nov 2025,Dec 2025,Jan 2026,Feb 2026,Mar 2026,Apr 2026,May'26,Jun'26,Jul'26,Aug'26,Sep'26,Oct'26,Nov'26,Dec'26,Jan'27,Feb'27,Mar'27,Apr'27,May'27,Jun'27,Jul'27,Aug'27,Sep'27,Oct'27,Nov'27,Dec'27,Jan'28,Feb'28,Mar'28,Jan 2024,Feb 2024,Mar 2024,Apr 2024,May 2024,Jun 2024,Jul 2024,Aug 2024,Sep 2024,Oct 2024,Nov 2024,Dec 2024,Jan 2025,Feb 2025,Mar 2025,Apr 2025,May 2025,Jun 2025,Jul 2025,Aug 2025,Sep 2025,Oct 2025,Nov 2025,Dec 2025,Jan 2026,Feb 2026,Mar 2026,Apr 2026,May'26,Jun'26,Jul'26,Aug'26,Sep'26,Oct'26,Nov'26,Dec'26,Jan'27,Feb'27,Mar'27,Apr'27,May'27,Jun'27,Jul'27,Aug'27,Sep'27,Oct'27,Nov'27,Dec'27,Jan'28,Feb'28,Mar'28,Jan 2024,Feb 2024,Mar 2024,Apr 2024,May 2024,Jun 2024,Jul 2024,Aug 2024,Sep 2024,Oct 2024,Nov 2024,Dec 2024,Jan 2025,Feb 2025,Mar 2025,Apr 2025,May 2025,Jun 2025,Jul 2025,Aug 2025,Sep 2025,Oct 2025,Nov 2025,Dec 2025,Jan 2026,Feb 2026,Mar 2026,Apr 2026,May'26,Jun'26,Jul'26,Aug'26,Sep'26,Oct'26,Nov'26,Dec'26,Jan'27,Feb'27,Mar'27,Apr'27,May'27,Jun'27,Jul'27,Aug'27,Sep'27,Oct'27,Nov'27,Dec'27,Jan'28,Feb'28,Mar'28,Jan 2024,Feb 2024,Mar 2024,Apr 2024,May 2024,Jun 2024,Jul 2024,Aug 2024,Sep 2024,Oct 2024,Nov 2024,Dec 2024,Jan 2025,Feb 2025,Mar 2025,Apr 2025,May 2025,Jun 2025,Jul 2025,Aug 2025,Sep 2025,Oct 2025,Nov 2025,Dec 2025,Jan 2026,Feb 2026,Mar 2026,Apr 2026,Jan 2025,Feb 2025,Mar 2025,Apr 2025,May 2025,Jun 2025,Jul 2025,Aug 2025,Sep 2025,Oct 2025,Nov 2025,Dec 2025,Jan 2026,Feb 2026,Mar 2026,Apr 2026,May'26,Jun'26,Jul'26,Aug'26,Sep'26,Oct'26,Nov'26,Dec'26,Jan'27,Feb'27,Mar'27,Apr'27,May'27,Jun'27,Jul'27,Aug'27,Sep'27,Oct'27,Nov'27,Dec'27,Jan'28,Feb'28,Mar'28,Jan 2025,Feb 2025,Mar 2025,Apr 2025,May 2025,Jun 2025,Jul 2025,Aug 2025,Sep 2025,Oct 2025,Nov 2025,Dec 2025,Jan 2026,Feb 2026,Mar 2026,Apr 2026,May'26,Jun'26,Jul'26,Aug'26,Sep'26,Oct'26,Nov'26,Dec'26,Jan'27,Feb'27,Mar'27,Apr'27,May'27,Jun'27,Jul'27,Aug'27,Sep'27,Oct'27,Nov'27,Dec'27,Jan'28,Feb'28,Mar'28,Feb 2025,Mar 2025,Apr 2025,May 2025,Jun 2025,Jul 2025,Aug 2025,Sep 2025,Oct 2025,Nov 2025,Dec 2025,Jan 2026,Feb 2026,Mar 2026,Apr 2026,May'26,Jun'26,Jul'26,Aug'26,Sep'26,Oct'26,Nov'26,Dec'26,Jan'27,Feb'27,Mar'27,Apr'27,May'27,Jun'27,Jul'27,Aug'27,Sep'27,Oct'27,Nov'27,Dec'27,Jan'28,Feb'28,Mar'28,Q2 2025,Q3 2025,Q4 2025,Q1 2026,2025 VS 2026,Oct 2025 Vs Mar 2026,Q1-2025 vs Q1-2026,Actual Rev,Exit ARR,SD ARR,Actual Rev,Exit ARR,SD ARR,Actual Rev,Exit ARR,SD ARR,Actual Rev,Exit ARR,SD ARR,Mar–Jun,Jul–Sep,Oct–Dec,Jan–Feb,Summer Run Rate,Monsoon Run Rate,Festive Run Rate,Winter Run Rate,% inc sum to Mon,% inc Mon to Fest,% Inc Fes to Win,% Inc Win to Sum
FACE MALAI TOTAL,Face Malai,D2C,D2C,Tanu,Existing,Jan'24,Yes,2757250,2460327,3088685,2740677,1985936,1750547,2490946,1939586,1756552,1882570,2938774,2747195,2604159,2054387,2451278,2568327,1796746,1677719,2009397,1815320,1716189,2185807,3777501,3100659,2095726,1602154,1781746,1741844,715578,760558,825966,874335,652301,689700,744553,817981,825533,883321,902126,1068107,1030011,1112411,1201831,1267933,1230741,1353815,1516272,1622412,1735981,1840139,1950547,1253380,992910,1049706,597262,382926,504419,1418687,1090807,548933,1007259,1725389,1458601,1603968,1090685,1264635,1676936,1280919,877548,949895,747421,478320,848252,1911690,1116292,497834,463675,412022,345575,370010,393268,427089,452099,337291,356628,365743,401812,405521,433909,443146,524680,505967,546443,590369,622839,604570,665026,707589,757120,810117,858724,910247,73%,71%,71%,70%,64%,68%,70%,68%,66%,64%,66%,61%,65%,61%,64%,66%,58%,59%,61%,63%,59%,59%,58%,58%,55%,52%,58%,60%,33%,33%,33%,33%,23%,22%,20%,21%,19%,19%,18%,18%,17%,17%,17%,17%,16%,16%,16%,16%,16%,16%,16%,79%,77%,68%,56%,44%,56%,74%,68%,60%,80%,82%,72%,90%,86%,61%,84%,90%,88%,85%,89%,68%,73%,81%,79%,74%,69%,73%,65%,60%,60%,60%,59%,44%,43%,40%,40%,38%,38%,36%,36%,34%,35%,35%,35%,33%,33%,31%,31%,31%,31%,31%,2.2,2.5,2.9,4.6,5.2,3.5,1.8,1.8,3.2,1.9,1.7,1.9,1.6,1.9,1.9,1.5,1.4,1.9,2.1,2.4,3.6,2.6,2.0,2.8,4.2,3.5,4.3,5.0,-5%,-21%,19%,5%,-30%,-7%,20%,-10%,-5%,27%,73%,-18%,-32%,-24%,11%,-2%,-59%,6%,9%,6%,-25%,6%,8%,10%,1%,7%,2%,18%,-4%,8%,8%,6%,-3%,10%,12%,7%,7%,6%,6%,10%,-32%,16%,33%,-24%,-31%,8%,-21%,-36%,77%,125%,-42%,-55%,-7%,-11%,-16%,7%,6%,9%,6%,-25%,6%,3%,10%,1%,7%,2%,18%,-4%,8%,8%,5%,-3%,10%,6%,7%,7%,6%,6%,-11%,-3%,28%,6%,-25%,-12%,-12%,-31%,50%,53%,-24%,-23%,17%,-22%,-14%,66%,0%,0%,0%,0%,0%,-5%,0%,0%,0%,0%,0%,0%,0%,0%,0%,0%,0%,-6%,0%,0%,0%,0%,-20%,-18%,24%,-36%,-3%,-3%,-23%,27342607,28439296,,26127291,21380952,,10433796,10443920,,16930200,22106668,,8494070,5540906,9063967,3697880,2123518,1846969,3021322,1848940,-13%,64%,-39%,-13%
FACE MALAI TOTAL,Face Malai,NYKAA,ECOMMERCE,Tanu,Existing,Jan'24,Yes,260910,263275,272157,262837,308325,211094,288243,254116,241749,270304,530000,575219,372962,449725,408510,422989,422776,323686,410095,314748,321600,443163,954405,730186,498116,484580,386023,327277,336743,380279,412984,408023,326150,371377,434322,477155,525339,481811,541276,640863,686674,741607,801222,845289,769212,846134,947670,1014007,1084987,1150087,1219092,,,,,,,,,,,,,,,,22960,35460,10137,13014,11471,12928,18252,76709,41902,34976,30808,12858,6246,24917,28139,30558,30190,24133,27480,32137,35307,38872,35651,40052,47420,50809,54874,59286,62546,56916,62608,70122,75030,80283,85100,90205,7%,8%,6%,7%,10%,8%,8%,9%,9%,9%,12%,13%,9%,13%,11%,11%,14%,11%,12%,11%,11%,12%,15%,14%,13%,16%,13%,11%,16%,16%,16%,15%,11%,12%,12%,12%,12%,11%,11%,11%,11%,11%,12%,12%,10%,10%,10%,10%,10%,10%,10%,,,,,,,,,,,,,,,,1%,3%,1%,1%,1%,2%,2%,3%,3%,5%,5%,2%,1%,4%,4%,4%,4%,3%,3%,4%,4%,4%,3%,3%,3%,3%,3%,4%,4%,3%,3%,3%,3%,3%,3%,3%,,,,,,,,,,,,,,,,18.4,11.9,31.9,31.5,27.4,24.9,24.3,12.4,17.4,14.2,15.7,30.0,52.4,-35%,21%,-9%,4%,0%,-23%,27%,-23%,2%,38%,115%,-23%,-32%,-3%,-20%,-15%,3%,13%,9%,-1%,-20%,14%,17%,10%,10%,-8%,12%,18%,7%,8%,8%,5%,-9%,10%,12%,7%,7%,6%,6%,,,,,54%,-71%,28%,-12%,13%,41%,320%,-45%,-17%,-12%,-58%,-51%,299%,13%,9%,-1%,-20%,14%,17%,10%,10%,-8%,12%,18%,7%,8%,8%,5%,-9%,10%,12%,7%,7%,6%,6%,,,,54%,-48%,2%,11%,11%,3%,205%,-22%,15%,-9%,-38%,-36%,296%,0%,0%,0%,0%,0%,0%,0%,0%,0%,0%,0%,0%,0%,0%,0%,0%,0%,0%,0%,0%,0%,0%,-7%,-13%,33%,-42%,0%,-2%,11%,4173084,4924790,,5712367,4632276,,5022736,6193704,,10746844,13816664,,1577961,1046443,2127754,982696,394490,348814,709251,491348,-12%,103%,-31%,25%
FACE MALAI TOTAL,Face Malai,AMAZON,ECOMMERCE,Tanu,Existing,Jan'24,Yes,659656,631734,851753,760624,650685,438078,563393,555980,510108,580701,696995,720951,747739,600976,667056,568823,600303,557466,643265,553750,608569,681926,1162474,1079262,742732,686462,538573,526056,757672,808093,877589,932624,745486,795807,930690,954310,1050679,1124226,1172763,1388538,1487792,1483216,1602443,1690577,1846111,2030721,2274408,2433616,2603969,2760207,2925820,324000,286000,480000,440000,426892,380930,499000,497006,277956,201942,309707,136913,121355,131304,49686,94409,77566,67427,69886,69865,189260,238812,272375,179025,98322,128458,84028,146131,155743,166107,180391,191705,153237,163580,181741,186353,205172,219533,229012,271147,290530,289637,312918,330129,360501,396551,480037,513640,549594,582571,617526,17%,18%,20%,19%,21%,17%,16%,19%,19%,20%,16%,16%,19%,18%,17%,15%,19%,20%,19%,19%,21%,18%,18%,20%,19%,22%,18%,18%,35%,35%,35%,35%,26%,25%,25%,24%,25%,25%,24%,24%,24%,23%,23%,23%,24%,24%,24%,24%,24%,24%,24%,20%,22%,31%,41%,50%,43%,26%,31%,30%,16%,15%,7%,7%,10%,2%,5%,5%,7%,6%,8%,27%,21%,12%,13%,15%,19%,15%,28%,25%,25%,25%,25%,20%,20%,20%,19%,19%,19%,19%,19%,20%,18%,19%,19%,20%,20%,21%,21%,21%,21%,21%,2.0,2.2,1.8,1.7,1.5,1.2,1.1,1.1,1.8,2.9,2.3,5.3,6.2,4.6,13.4,6.0,7.7,8.3,9.2,7.9,3.2,2.9,4.3,6.0,7.6,5.3,6.4,3.6,4%,-20%,11%,-15%,6%,-7%,15%,-14%,10%,12%,70%,-7%,-31%,-8%,-22%,-2%,44%,7%,9%,6%,-20%,7%,17%,3%,10%,7%,4%,18%,7%,0%,8%,5%,9%,10%,12%,7%,7%,6%,6%,-11%,8%,-62%,90%,-18%,-13%,4%,0%,171%,26%,14%,-34%,-45%,31%,-35%,74%,7%,7%,9%,6%,-20%,7%,11%,3%,10%,7%,4%,18%,7%,0%,8%,6%,9%,10%,21%,7%,7%,6%,6%,28%,-73%,105%,-23%,-6%,-12%,14%,161%,14%,-56%,-27%,-14%,38%,-13%,76%,-37%,0%,0%,0%,0%,0%,-6%,0%,0%,0%,0%,0%,0%,0%,0%,0%,0%,0%,9%,0%,0%,0%,0%,-14%,3%,30%,-22%,-2%,-4%,-2%,7493286,8063083,,8423605,6462876,,10675995,13390672,,24527418,33159984,,2393648,1805584,2923662,1429194,598412,601861,974554,714597,1%,62%,-27%,19%
FACE MALAI TOTAL,Face Malai,FLIPKART,ECOMMERCE,Tanu,Existing,Jan'24,Yes,65468,48129,58642,75398,88003,47911,48360,47911,61378,75928,82920,96625,115700,107400,118550,167006,119457,103056,63721,47349,85832,101330,210283,183495,122821,97309,139969,142814,126278,142604,154868,174867,139778,159162,186137,204495,225145,240905,270637,320433,343337,370804,400611,422644,461527,507681,568603,608404,650992,690052,731456,6000,5000,8000,34000,52000,10000,12000,16000,90868,29414,13136,22205,24154,19196,24994,153795,,20391,13240,941,59,32840,57975,43117,15567,23567,19886,10356,33318,37626,40861,46137,36880,41993,49112,53955,59403,63561,71406,84544,90587,97835,105700,111511,115683,127251,142521,152497,163172,172963,183340,2%,1%,1%,2%,3%,2%,1%,2%,2%,3%,2%,2%,3%,3%,3%,4%,4%,4%,2%,2%,3%,3%,3%,3%,3%,3%,5%,5%,6%,6%,6%,7%,5%,5%,5%,5%,5%,5%,5%,5%,6%,6%,6%,6%,6%,6%,6%,6%,6%,6%,6%,0%,0%,1%,3%,6%,1%,1%,1%,10%,2%,1%,1%,1%,2%,1%,8%,,2%,1%,0%,0%,3%,2%,3%,2%,4%,4%,2%,5%,6%,6%,6%,5%,5%,5%,5%,6%,6%,6%,6%,6%,6%,6%,6%,6%,6%,6%,6%,6%,6%,6%,10.9,9.6,7.3,2.2,1.7,4.8,4.0,3.0,0.7,2.6,6.3,4.4,4.8,5.6,4.7,1.1,,5.1,4.8,50.3,1454.8,3.1,3.6,4.3,7.9,4.1,7.0,13.8,20%,-7%,10%,41%,-28%,-14%,-38%,-26%,81%,18%,108%,-13%,-33%,-21%,44%,2%,-12%,13%,9%,13%,-20%,14%,17%,10%,10%,7%,12%,18%,7%,8%,8%,5%,9%,10%,12%,7%,7%,6%,6%,9%,-21%,30%,515%,,,-35%,-93%,-94%,55561%,77%,-26%,-64%,51%,-16%,-48%,222%,13%,9%,13%,-20%,14%,17%,10%,10%,7%,12%,18%,7%,8%,8%,5%,4%,10%,12%,7%,7%,6%,6%,-13%,20%,474%,,,3%,-67%,-175%,55543%,-31%,-13%,-31%,72%,-59%,-50%,233%,0%,0%,0%,0%,0%,0%,0%,0%,0%,0%,0%,0%,0%,0%,0%,-5%,0%,0%,0%,0%,0%,0%,-6%,-28%,70%,-44%,1%,6%,5%,966084,1366600,,1441628,1679628,,2167690,2946748,,6076544,8290000,,508069,196902,495108,220130,127017,65634,165036,110065,-48%,151%,-33%,-13%
FACE MALAI TOTAL,Face Malai,MYNTRA,ECOMMERCE,Tanu,Existing,Jan'25,Yes,,,,,,,,,,,,,148449,,,,94162,147723,128814,121150,118137,128895,158146,154203,119222,74430,88528,75555,42092,47535,51623,58289,46593,53053,62046,68166,75049,80302,90212,106811,114446,123601,133538,140881,153842,169226,189534,202801,216998,230017,243819,,,,,,0,0,0,0,13257,50352,70237,37383,31414,57404,40507,24003,17801,65347,11559,23028,25077,43493,18540,7207,5445,11368,3288,4523,5107,5546,6263,5005,5700,6666,7322,8062,8626,9691,11475,12294,13279,14346,15135,16529,18181,20362,21788,23313,24710,26193,0%,0%,0%,0%,0%,0%,0%,0%,0%,0%,0%,0%,4%,0%,0%,0%,3%,5%,4%,4%,4%,3%,2%,3%,3%,2%,3%,3%,2%,2%,2%,2%,2%,2%,2%,2%,2%,2%,2%,2%,2%,2%,2%,2%,2%,2%,2%,2%,2%,2%,2%,,,,,,,,,,1%,2%,3%,2%,2%,3%,2%,2%,2%,6%,1%,3%,2%,2%,1%,1%,1%,2%,1%,1%,1%,1%,1%,1%,1%,1%,1%,1%,1%,1%,1%,1%,1%,1%,1%,1%,1%,1%,1%,1%,1%,1%,,,,,,,,,,,,,4.0,,,,3.9,8.3,2.0,10.5,5.1,5.1,3.6,8.3,16.5,13.7,7.8,23.0,,,,,,57%,-13%,-6%,-2%,9%,23%,-2%,-23%,-38%,19%,-15%,-44%,13%,9%,13%,-20%,14%,17%,10%,10%,7%,12%,18%,7%,8%,8%,5%,9%,10%,12%,7%,7%,6%,6%,-47%,-16%,83%,-29%,-41%,-26%,267%,-82%,99%,9%,73%,-57%,-61%,-24%,109%,-71%,38%,13%,9%,13%,-20%,14%,17%,10%,10%,7%,12%,18%,7%,8%,8%,5%,9%,10%,12%,7%,7%,6%,6%,,,,,-83%,280%,-76%,102%,0%,51%,-55%,-38%,13%,90%,-56%,82%,0%,0%,0%,0%,0%,0%,0%,0%,0%,0%,0%,0%,0%,0%,0%,0%,0%,0%,0%,0%,0%,0%,0%,,9%,-64%,,-6%,90%,148449,593794,,1333410,1062336,,750515,982252,,2025514,2763336,,241885,368101,441244,193652,60471,122700,147081,96826,103%,20%,-34%,60%
FACE MALAI TOTAL,Face Malai,BLINKIT,QUICK COMMERCE,Tanu,Existing,Jan'25,Yes,,,,,,,,,,,,,2793,,,,,,,,,,,,,,-,-,,,,,419336,477485,558414,613485,675437,722718,811914,961296,1030011,1112411,1201831,1267933,1384583,1523042,1705806,1825211,1952977,2070156,2194365,,,,,,,,,,,,,341,,,,,,,,,,,,,,,,,,,,90022,102505,119878,131700,145000,155149,174298,205534,220226,226867,245103,258585,282373,310611,347884,372236,398293,422190,447522,0%,0%,0%,0%,0%,0%,0%,0%,0%,0%,0%,0%,0%,0%,0%,0%,0%,0%,0%,0%,0%,0%,0%,0%,0%,0%,,,,,,,15%,15%,15%,16%,16%,16%,16%,16%,17%,17%,17%,17%,18%,18%,18%,18%,18%,18%,18%,,,,,,,,,,,,,0%,,,,,,,,,,,,,,,,,,,,12%,12%,13%,13%,14%,14%,14%,14%,15%,14%,15%,15%,15%,15%,15%,15%,15%,15%,15%,,,,,,,,,,,,,8.2,,,,,,,,,,,,,,,,,,,,,,,,,,,,,,,,,,,,,14%,17%,10%,10%,7%,12%,18%,7%,8%,8%,6%,9%,10%,12%,7%,7%,6%,6%,,,,,,,,,,,,,,,,,,,,,,14%,17%,10%,10%,7%,12%,18%,7%,3%,8%,6%,9%,10%,12%,7%,7%,6%,6%,,,,,,,,,,,,,,,,,,,,,0%,0%,0%,0%,0%,0%,0%,0%,-5%,0%,0%,0%,0%,0%,0%,0%,0%,0%,,,,,,,,2793,11172,,,,,4278789,8840276,,18229622,24869992,,,,,,,,,,,,,
FACE MALAI TOTAL,Face Malai,INSTAMART,QUICK COMMERCE,Tanu,Existing,Aug'25,Yes,,,,,,,,,,,,,,,,,,,,-,-,-,-,-,-,-,-,-,,,,,232965,265268,310231,340826,375243,401509,451064,534053,572228,618007,667685,704408,769212,846134,947670,1014007,1084987,1150087,1219092,,,,,,,,,,,,,,,,,,,,,,,,,,,,,,,,,56738,64607,75558,83009,91391,97788,109858,123566,132398,142990,154484,162981,177976,185984,208302,222883,238485,252795,267961,0%,0%,0%,0%,0%,0%,0%,0%,0%,0%,0%,0%,0%,0%,0%,0%,0%,0%,0%,,,,,,,,,,,,,,8%,8%,8%,9%,9%,9%,9%,9%,9%,9%,10%,10%,10%,10%,10%,10%,10%,10%,10%,,,,,,,,,,,,,,,,,,,,,,,,,,,,,,,,,7%,8%,8%,8%,9%,9%,9%,9%,9%,9%,9%,9%,10%,9%,9%,9%,9%,9%,9%,,,,,,,,,,,,,,,,,,,,,,,,,,,,,,,,,,,,,,,,,,,,,,,,,,14%,17%,10%,10%,7%,12%,18%,7%,8%,8%,6%,9%,10%,12%,7%,7%,6%,6%,,,,,,,,,,,,,,,,,,,,,,14%,17%,10%,10%,7%,12%,12%,7%,8%,8%,6%,9%,4%,12%,7%,7%,6%,6%,,,,,,,,,,,,,,,,,,,,,0%,0%,0%,0%,0%,0%,-6%,0%,0%,0%,0%,0%,-6%,0%,0%,0%,0%,0%,,,,,,,,,,,,,,2377106,4911264,,10127570,13816664,,,,,,,,,,,,,
FACE MALAI TOTAL,Face Malai,ZEPTO,QUICK COMMERCE,Tanu,Existing,Jan'25,Yes,,,,,,,,,,,,,7182,,,,,,,-,-,-,-,-,-,-,-,-,,,,,93187,159162,186137,204495,225145,321207,360850,427242,457783,494406,534147,563525,615370,676908,758136,811206,867990,920068,975273,,,,,,,,,,,,,,,,,,,,,,,,,,,,,,,,,30210,43940,51386,56455,62155,88675,99619,112706,120763,130424,140907,148658,162333,178568,199996,213994,228975,242712,257275,0%,0%,0%,0%,0%,0%,0%,0%,0%,0%,0%,0%,0%,0%,0%,0%,0%,0%,0%,,,,,,,,,,,,,,3%,5%,5%,5%,5%,7%,7%,7%,7%,8%,8%,8%,8%,8%,8%,8%,8%,8%,8%,,,,,,,,,,,,,,,,,,,,,,,,,,,,,,,,,4%,5%,6%,6%,6%,8%,8%,8%,8%,8%,8%,8%,9%,9%,9%,9%,9%,9%,9%,,,,,,,,,,,,,,,,,,,,,,,,,,,,,,,,,,,,,,,,,,,,,,,,,,71%,17%,10%,10%,43%,12%,18%,7%,8%,8%,5%,9%,10%,12%,7%,7%,6%,6%,,,,,,,,,,,,,,,,,,,,,,45%,17%,10%,10%,43%,12%,13%,7%,8%,8%,6%,9%,10%,12%,7%,7%,6%,6%,,,,,,,,,,,,,,,,,,,,,-25%,0%,0%,0%,0%,0%,-5%,0%,0%,0%,0%,0%,0%,0%,0%,0%,0%,0%,,,,,,,,7182,28728,,,,,1550183,3628808,,8102054,11053324,,,,,,,,,,,,,
FACE MALAI TOTAL,Face Malai,RETAIL,Retail,Tanu,Existing,Nov'25,Yes,,,,,,,,,,,,,,,,,,,,,,,46944,17436,-,-,-,,,,,,,,,,,,,,,,,,,,,,,,,,,,,,,,,,,,,,,,,,,,,,,,,,,,,,,,,,,,,,,,,,,,,,,,,,,,0%,0%,0%,0%,0%,0%,0%,0%,0%,0%,0%,0%,0%,0%,0%,0%,0%,0%,0%,0%,0%,0%,1%,0%,,,,0%,,,,,,,,,,,,,,,,,,,,,,,,0%,0%,0%,0%,0%,0%,0%,0%,0%,0%,0%,0%,0%,0%,0%,0%,0%,0%,0%,0%,0%,0%,0%,0%,0%,0%,0%,0%,,,,,,,,,,,,,,,,,,,,,,,,,,,,,,,,,,,,,,,,,,,,,,,,,,,,,,,,,,,,,,,-63%,,,,,,,,,,,,,,,,,,,,,,,,,,,,,,,,,,,,,,,,,,,,,,,,,,,,,,,,,,,,,,,,,,,,,,,,,,,,,,,,,,,,,,,,,,,,,,,,,,,,,,,,,,,,,,,,,,,64380,,,,,,,,,,,64380,,,,21460,,,,,
FACE MALAI TOTAL,Face Malai,Bigbasket,QUICK COMMERCE,Tanu,Existing,,Yes,,,,,,,,,,,,,,,,,,,,,,,,,,,,,,,,,,,,,,,,,,,,,,,,,,,,,,,,,,,,,,,,,,,,,,,,,,,,,,,,,,,,,,,,,,,,,,,,,,,,,,,0%,0%,0%,0%,0%,0%,0%,0%,0%,0%,0%,0%,0%,0%,0%,0%,0%,0%,0%,0%,0%,0%,0%,0%,0%,0%,0%,0%,,,,,,,,,,,,,,,,,,,,,,,,,,,,,,,,,,,,,,,,,,,,,,,,,,,,,,,,,,,,,,,,,,,,,,,,,,,,,,,,,,,,,,,,,,,,,,,,,,,,,,,,,,,,,,,,,,,,,,,,,,,,,,,,,,,,,,,,,,,,,,,,,,,,,,,,,,,,,,,,,,,,,,,,,,,,,,,,,,,,,,,,,,,,,,,,,,,,,,,,,,,,,,,,,,,,,,,,,,,,,,,,,,,,,,,,,,,,,,,,,,,,,,,,,
FACE MALAI TOTAL,Face Malai,Firstcry,ECOMMERCE,Tanu,Existing,Jan'25,Yes,,,,,,,,,,,,,24741,,,44623,40146,35721,42244,42305,45602,66680,127035,93098,91381,75028,69903,73865,84186,95071,103246,116577,93187,106108,124092,136329,150096,160604,180425,213622,228891,247203,133538,140881,153842,169226,189534,202801,216998,230017,243819,,,,,,,,,,,,,,,,,,,,,,,,8188,21794,19626,21864,17852,12094,13658,14832,16748,13388,15243,17827,19584,21563,23072,25920,29165,31250,33750,18231,19235,21003,23104,25877,27688,29625,31403,33288,0%,0%,0%,0%,0%,0%,0%,0%,0%,0%,0%,0%,1%,0%,0%,1%,1%,1%,1%,1%,2%,2%,2%,2%,2%,2%,2%,3%,4%,4%,4%,4%,3%,3%,3%,3%,4%,4%,4%,4%,4%,4%,2%,2%,2%,2%,2%,2%,2%,2%,2%,,,,,,,,,,,,,,,,,,,,,,,,1%,3%,3%,4%,3%,2%,2%,2%,2%,2%,2%,2%,2%,2%,2%,2%,2%,2%,2%,1%,1%,1%,1%,1%,1%,1%,1%,1%,,,,,,,,,,,,,,,,,,,,,,,,11.4,4.2,3.8,3.2,4.1,,,,,-10%,-11%,18%,0%,8%,46%,91%,-27%,-2%,-18%,-7%,6%,14%,13%,9%,13%,-20%,14%,17%,10%,10%,7%,12%,18%,7%,8%,-46%,5%,9%,10%,12%,7%,7%,6%,6%,,,,,,,,,,,,,166%,-10%,11%,-18%,-32%,13%,9%,13%,-20%,14%,17%,10%,10%,7%,12%,13%,7%,8%,-46%,6%,9%,10%,12%,7%,7%,6%,6%,,,,,,,,,,,,168%,8%,18%,-24%,-46%,0%,0%,0%,0%,0%,0%,0%,0%,0%,0%,-6%,0%,0%,0%,0%,0%,0%,0%,0%,0%,0%,0%,20%,1%,48%,,,1%,855%,24741,98965,,773767,838841,,1423786,1964500,,2370372,2763336,,120491,130150,286814,166409,30123,43383,95605,83204,44%,120%,-13%,176%
FACE MALAI TOTAL,Face Malai,OTHERS,OTHERS,Tanu,Existing,Jan'24,Yes,43942,68991,65508,62563,51809,108710,145609,72664,104017,117406,230650,334504,,148025,196945,148741,27485,3443,6059,7571,6746,120353,104458,31128,169474,67925,65628,,84186,95071,103246,116577,93187,106108,124092,136329,150096,160604,180425,213622,228891,247203,267073,281764,307685,338453,379067,405603,433994,460035,487636,,,,,,,,,,,,348531,,,665611,,,,,,,,,,1,,,,12094,13658,14832,16748,13388,15243,17827,19584,21563,23072,25920,29165,31250,33750,36462,38467,42007,46207,51751,55375,59251,62806,66575,1%,2%,2%,2%,2%,4%,4%,3%,4%,4%,5%,7%,0%,4%,5%,4%,1%,0%,0%,0%,0%,3%,2%,1%,4%,2%,2%,0%,4%,4%,4%,4%,3%,3%,3%,3%,4%,4%,4%,4%,4%,4%,4%,4%,4%,4%,4%,4%,4%,4%,4%,,,,,,,,,,,,17%,,,32%,,,,,,,,,,0%,,,,2%,2%,2%,2%,2%,2%,2%,2%,2%,2%,2%,2%,2%,2%,2%,2%,2%,2%,2%,2%,2%,2%,2%,,,,,,,,,,,,1.0,,,0.3,,,,,,,,,,169473.9,,,,,,33%,-24%,-82%,-87%,76%,25%,-11%,1684%,-13%,-70%,444%,-60%,-3%,,,13%,9%,13%,-20%,14%,17%,10%,10%,7%,12%,18%,7%,8%,8%,6%,9%,10%,12%,7%,7%,6%,6%,,,,,,,,,,,,,,,,,,13%,9%,13%,-20%,14%,17%,10%,10%,7%,12%,13%,7%,8%,8%,5%,9%,10%,12%,7%,7%,6%,6%,,,,,,,,,,,,,,,,,0%,0%,0%,0%,0%,0%,0%,0%,0%,0%,-6%,0%,0%,0%,0%,0%,0%,0%,0%,0%,0%,0%,,-79%,127%,,-9%,-10%,-12%,1572902,1379880,,759010,787531,,1349921,1964500,,4051026,5526660,,376613,20377,255938,237399,94153,6792,85313,118700,-93%,1156%,39%,26%
FACE MALAI TOTAL,Face Malai,TOTAL,TOTAL,Tanu,Existing,Jan'24,Yes,3787226,3472456,4336745,3902099,3084758,2556340,3536551,2870257,2673804,2926909,4479339,4474494,4023725,3360513,3842339,3920509,3101075,2848814,3303595,2902193,2902675,3728154,6541246,5389467,3839472,3087888,3070370,2887411,2146735,2329211,2529522,2681292,2842170,3183230,3660714,3953571,4277762,4577207,4961692,5874587,6180064,6550869,6943919,7325835,7692125,8461340,9476700,10140068,10849873,11500865,12190919,1583380,1283910,1537706,1071262,861818,895349,1929687,1603813,917757,1251872,2098584,2036487,1787201,1272599,2062330,1988607,1417948,993304,1111382,841257,703595,1163233,2362242,1407064,675701,671579,562026,529448,612699,657563,714109,759890,760292,836919,917875,995081,1058702,1149036,1228922,1439402,1486074,1569849,1677806,1770086,1839891,2014091,2254441,2412251,2581108,2735974,2900132,100%,100%,100%,100%,100%,100%,100%,100%,100%,100%,100%,100%,100%,100%,100%,100%,100%,100%,100%,100%,100%,100%,100%,100%,100%,100%,100%,100%,100%,100%,100%,100%,100%,100%,100%,100%,100%,100%,100%,100%,100%,100%,100%,100%,100%,100%,100%,100%,100%,100%,100%,100%,100%,100%,100%,100%,100%,100%,100%,100%,100%,100%,100%,100%,100%,100%,100%,100%,100%,100%,100%,100%,100%,100%,100%,100%,100%,100%,100%,100%,100%,100%,100%,100%,100%,100%,100%,100%,100%,100%,100%,100%,100%,100%,100%,100%,100%,100%,100%,100%,100%,100%,2.4,2.7,2.8,3.6,3.6,2.9,1.8,1.8,2.9,2.3,2.1,2.2,2.3,2.6,1.9,2.0,2.2,2.9,3.0,3.4,4.1,3.2,2.8,3.8,5.7,4.6,5.5,5.5,-10%,-16%,14%,2%,-21%,-8%,16%,-12%,0%,28%,75%,-18%,-29%,-20%,-1%,-6%,-26%,9%,9%,6%,6%,12%,15%,8%,8%,7%,8%,18%,5%,6%,6%,6%,5%,10%,12%,7%,7%,6%,6%,-12%,-29%,62%,-4%,-29%,-30%,12%,-24%,-16%,65%,103%,-40%,-52%,-1%,-16%,-6%,16%,7%,9%,6%,0%,10%,10%,8%,6%,9%,7%,17%,3%,6%,7%,6%,4%,9%,12%,7%,7%,6%,6%,-12%,48%,-6%,-8%,-22%,-4%,-12%,-16%,37%,28%,-23%,-23%,19%,-16%,0%,41%,-1%,0%,0%,-6%,-2%,-5%,0%,-2%,2%,-1%,-1%,-2%,0%,1%,0%,-1%,-1%,0%,0%,0%,0%,0%,-16%,-14%,28%,-33%,-2%,-3%,-11%,41731128,44906308,43445169,44635458,36844440,36844437,40030517,55266644,55266656,103187164,138166628,138166640,13712737,9108463,15658867,6927360,3428184,3036154,5219622,3463680,-11%,72%,-34%,1%
NETRAA SERUM TOTAL,Pure Netraa,D2C,D2C,Mansi,Existing,Jan'24,Yes,523253,491150,524022,592727,562030,456976,606814,517462,434596,478390,566162,537201,662776,602013,495096,625268,449159,402018,499016,409941,465227,447107,575495,543381,478712,406353,371604,424092,134756,143227,155544,164653,166516,181232,196965,217911,221534,243120,252534,119599,116382,126889,138459,146074,144857,159342,178463,190956,204323,216582,229577,,,,,,,,,,,,,,,,,,,,,,,,,,,,,69679,74060,80428,85138,86102,93711,96754,107043,108823,119426,124051,58750,57170,62331,68014,71755,71157,78273,83282,89112,95350,101071,107135,58%,57%,60%,67%,60%,58%,66%,64%,58%,57%,61%,56%,61%,58%,52%,60%,41%,45%,49%,44%,53%,46%,46%,52%,42%,36%,43%,48%,33%,33%,33%,33%,31%,30%,29%,29%,28%,28%,27%,27%,25%,26%,26%,26%,25%,25%,25%,25%,25%,25%,25%,,,,,,,,,,,,,,,,,,,,,,,,,,,,,60%,60%,60%,59%,58%,57%,55%,56%,53%,54%,52%,53%,50%,51%,52%,52%,50%,50%,47%,47%,47%,47%,47%,,,,,,,,,,,,,,,,,,,,,,,,,,,,,23%,-9%,-18%,26%,-28%,-10%,24%,-18%,13%,-4%,29%,-6%,-12%,-15%,-9%,14%,-68%,6%,9%,6%,1%,9%,9%,11%,2%,10%,4%,-53%,-3%,9%,9%,5%,-1%,10%,12%,7%,7%,6%,6%,,,,,,,,,,,,,,,,,,6%,9%,6%,1%,9%,3%,11%,2%,10%,4%,-53%,-3%,9%,9%,6%,-1%,10%,6%,7%,7%,6%,6%,,,,,,,,,,,,,,,,,0%,0%,0%,0%,0%,-5%,0%,0%,0%,0%,0%,0%,0%,0%,0%,0%,0%,-6%,0%,0%,0%,0%,-22%,-14%,4%,,-2%,-3%,-29%,6512243,7039540,,5673281,4459248,,2502084,2868752,,1971503,2601928,,1971541,1374184,1565983,885065,492885,458061,521994,442533,-7%,14%,-15%,-10%
NETRAA SERUM TOTAL,Pure Netraa,NYKAA,ECOMMERCE,Mansi,Existing,Jan'24,Yes,90621,129285,95973,104560,134316,87204,120587,95911,92821,92152,155135,134327,124632,171725,160845,206323,217192,168582,252139,152710,158832,46830,292136,236880,200119,248976,174661,133029,63415,71613,77772,76838,83258,97586,114896,127115,140976,132611,151520,71759,77588,84593,92306,97383,90535,99589,111540,119347,127702,135364,143486,,,,,,,,,,,,,,,,,,,,,,,,,,,,,4692,5299,5755,5686,6161,7221,8502,9406,10431,9812,11212,5310,5741,6259,6830,7206,6699,7369,8253,8831,9449,10016,10617,10%,15%,11%,12%,14%,11%,13%,12%,12%,11%,17%,14%,11%,16%,17%,20%,20%,19%,25%,16%,18%,5%,23%,23%,18%,22%,20%,15%,16%,16%,16%,15%,16%,16%,17%,17%,17%,15%,16%,16%,17%,17%,18%,18%,16%,16%,16%,16%,16%,16%,16%,,,,,,,,,,,,,,,,,,,,,,,,,,,,,4%,4%,4%,4%,4%,4%,5%,5%,5%,4%,5%,5%,5%,5%,5%,5%,5%,5%,5%,5%,5%,5%,5%,,,,,,,,,,,,,,,,,,,,,,,,,,,,,-7%,38%,-6%,28%,5%,-22%,50%,-39%,4%,-71%,524%,-19%,-16%,24%,-30%,-24%,-52%,13%,9%,-1%,8%,17%,18%,11%,11%,-6%,14%,-53%,8%,9%,9%,6%,-7%,10%,12%,7%,7%,6%,6%,,,,,,,,,,,,,,,,,,13%,9%,-1%,8%,17%,18%,11%,11%,-6%,14%,-53%,8%,9%,9%,6%,-7%,10%,12%,7%,7%,6%,6%,,,,,,,,,,,,,,,,,0%,0%,0%,0%,0%,0%,0%,0%,0%,0%,0%,0%,0%,0%,0%,0%,0%,0%,0%,0%,0%,0%,16%,-12%,-3%,,1%,25%,36%,1474215,1828810,,2355380,2095932,,1270629,1700428,,1251192,1626208,,752942,563681,575846,449095,188236,187894,191949,224548,0%,2%,17%,19%
NETRAA SERUM TOTAL,Pure Netraa,AMAZON,ECOMMERCE,Mansi,Existing,Jan'24,Yes,248597,200042,203838,146209,187859,149941,128097,137016,154745,196182,150262,181448,176119,160659,168668,68988,288492,215176,172428,282478,157446,252076,255320,165085,327872,291220,209732,270802,142683,152178,165266,175630,190305,209114,246206,254229,281953,309425,328294,155479,168107,169186,184611,194765,217285,239013,267695,286434,306484,324873,344365,,,,,,,,,,,,,,,,,,,,,,,,,,,,,29329,31281,33971,36101,39118,42984,48078,49645,55059,60423,64108,30361,32827,33038,36050,38033,42430,46673,56500,60455,64687,68568,72682,28%,23%,23%,16%,20%,19%,14%,17%,21%,23%,16%,19%,16%,15%,18%,7%,26%,24%,17%,30%,18%,26%,20%,16%,29%,26%,24%,31%,35%,35%,35%,35%,36%,35%,36%,34%,35%,36%,35%,35%,36%,34%,35%,35%,38%,37%,37%,38%,37%,38%,37%,,,,,,,,,,,,,,,,,,,,,,,,,,,,,25%,25%,25%,25%,26%,26%,27%,26%,27%,27%,27%,27%,29%,27%,28%,28%,30%,30%,32%,32%,32%,32%,32%,,,,,,,,,,,,,,,,,,,,,,,,,,,,,-3%,-9%,5%,-59%,318%,-25%,-20%,64%,-44%,60%,1%,-35%,99%,-11%,-28%,29%,-47%,7%,9%,6%,8%,10%,18%,3%,11%,10%,6%,-53%,8%,1%,9%,6%,12%,10%,12%,7%,7%,6%,6%,,,,,,,,,,,,,,,,,,7%,9%,6%,8%,10%,12%,3%,11%,10%,6%,-53%,8%,1%,9%,6%,12%,10%,21%,7%,7%,6%,6%,,,,,,,,,,,,,,,,,0%,0%,0%,0%,0%,-6%,0%,0%,0%,0%,0%,0%,0%,0%,0%,0%,0%,9%,0%,0%,0%,0%,11%,51%,-2%,,2%,-3%,64%,1937205,2021786,,2686313,2516784,,2726085,3678688,,2858297,3902888,,741324,612352,672481,619092,185331,204117,224160,309546,10%,10%,38%,67%
NETRAA SERUM TOTAL,Pure Netraa,FLIPKART,ECOMMERCE,Mansi,Existing,Jan'24,Yes,18727,19827,18137,17913,22522,28992,22391,28992,38816,38802,17090,22804,40085,32077,30624,43109,49080,20304,16474,14854,17034,18545,13250,14232,20211,18061,17348,15780,23781,26855,29165,32931,35682,41823,49241,54478,60418,66305,75760,35880,38794,42296,46153,48691,54321,59753,66924,71608,76621,81218,86091,,,,,,,,,,,,,,,,,,,,,,,,,,,,,6274,7086,7695,8689,9414,11035,12992,14374,15941,17494,19989,9467,10236,11160,12177,12847,13616,14977,16775,17949,19205,20357,21579,2%,2%,2%,2%,2%,4%,2%,4%,5%,5%,2%,2%,4%,3%,3%,4%,4%,2%,2%,2%,2%,2%,1%,1%,2%,2%,2%,2%,6%,6%,6%,7%,7%,7%,7%,7%,7%,8%,8%,8%,8%,9%,9%,9%,9%,9%,9%,9%,9%,9%,9%,,,,,,,,,,,,,,,,,,,,,,,,,,,,,5%,6%,6%,6%,6%,7%,7%,7%,8%,8%,8%,8%,9%,9%,9%,9%,10%,10%,10%,10%,10%,10%,10%,,,,,,,,,,,,,,,,,,,,,,,,,,,,,76%,-20%,-5%,41%,14%,-59%,-19%,-10%,15%,9%,-29%,7%,42%,-11%,-4%,-9%,51%,13%,9%,13%,8%,17%,18%,11%,11%,10%,14%,-53%,8%,9%,9%,5%,12%,10%,12%,7%,7%,6%,6%,,,,,,,,,,,,,,,,,,13%,9%,13%,8%,17%,18%,11%,11%,10%,14%,-53%,8%,9%,9%,6%,6%,10%,12%,7%,7%,6%,6%,,,,,,,,,,,,,,,,,0%,0%,0%,0%,0%,0%,0%,0%,0%,0%,0%,0%,0%,0%,0%,-6%,0%,0%,0%,0%,0%,0%,-29%,-37%,-7%,,-5%,-1%,-46%,341108,411144,,262502,208176,,512219,809932,,708350,975720,,143117,48362,46027,38272,35779,16121,15342,19136,-55%,-5%,25%,-47%
NETRAA SERUM TOTAL,Pure Netraa,MYNTRA,ECOMMERCE,Mansi,Existing,Jan'25,Yes,,,,,,,,,,,,,74160,,,,58241,67388,55256,46852,49730,37654,35199,39252,40701,25919,45075,23369,7927,8952,9722,10977,11894,13941,16414,18159,20139,22102,25253,11960,12931,14099,15384,16230,18107,19918,22308,23869,25540,27073,28697,,,,,,,,,,,,,,,,,,,,,,,,,,,,,852,962,1044,1179,1278,1498,1763,1951,2164,2374,2713,1285,1389,1515,1653,1744,1945,2140,2397,2564,2744,2909,3083,0%,0%,0%,0%,0%,0%,0%,0%,0%,0%,0%,0%,7%,0%,0%,0%,5%,8%,5%,5%,6%,4%,3%,4%,4%,2%,5%,3%,2%,2%,2%,2%,2%,2%,2%,2%,2%,3%,3%,3%,3%,3%,3%,3%,3%,3%,3%,3%,3%,3%,3%,,,,,,,,,,,,,,,,,,,,,,,,,,,,,1%,1%,1%,1%,1%,1%,1%,1%,1%,1%,1%,1%,1%,1%,1%,1%,1%,1%,1%,1%,1%,1%,1%,,,,,,,,,,,,,,,,,,,,,,,,,,,,,,,,,,16%,-18%,-15%,6%,-24%,-7%,12%,4%,-36%,74%,-48%,-66%,13%,9%,13%,8%,17%,18%,11%,11%,10%,14%,-53%,8%,9%,9%,5%,12%,10%,12%,7%,7%,6%,6%,,,,,,,,,,,,,,,,,,13%,9%,13%,8%,17%,18%,11%,11%,10%,14%,-53%,8%,9%,9%,6%,12%,10%,12%,7%,7%,6%,6%,,,,,,,,,,,,,,,,,0%,0%,0%,0%,0%,0%,0%,0%,0%,0%,0%,0%,0%,0%,0%,0%,0%,0%,0%,0%,0%,0%,-5%,,-16%,,,3%,51%,74160,296640,,501267,540900,,188849,269976,,236116,325240,,125629,151838,112105,66620,31407,50613,37368,33310,61%,-26%,-11%,6%
NETRAA SERUM TOTAL,Pure Netraa,BLINKIT,QUICK COMMERCE,Mansi,Existing,Mar'26,Yes,,,,,,,,,,,,,,,,,,,,,,,,,,,-,-,,,,,,,,,,,,,,,,,,,,,,,,,,,,,,,,,,,,,,,,,,,,,,,,,,,,,,,,,,,,,,,,,,,,,,,,,,,0%,0%,0%,0%,0%,0%,0%,0%,0%,0%,0%,0%,0%,0%,0%,0%,0%,0%,0%,0%,0%,0%,0%,0%,0%,0%,,,,,,,,,,,,,,,,,,,,,,,,,,,,,,,,,,,,,,,,,,,,,,,,,,,,,,,,,,,,,,,,,,,,,,,,,,,,,,,,,,,,,,,,,,,,,,,,,,,,,,,,,,,,,,,,,,,,,,,,,,,,,,,,,,,,,,,,,,,,,,,,,,,,,,,,,,,,,,,,,,,,,,,,,,,,,,,,,,,,,,,,,,,,,,,,,,,,,,,,,,,,,,,,,,,,,,,,,,,,,,,,,,,,,,,,,,,,,,,,,,,,,,,,,,,
NETRAA SERUM TOTAL,Pure Netraa,INSTAMART,QUICK COMMERCE,Mansi,Existing,Aug'25,Yes,,,,,,,,,,,,,,,,,,,,-,-,-,-,-,-,-,-,-,,,,,,,,,,,,,,,,,,,,,,,,,,,,,,,,,,,,,,,,,,,,,,,,,,,,,,,,,,,,,,,,,,,,,,,,,,,0%,0%,0%,0%,0%,0%,0%,0%,0%,0%,0%,0%,0%,0%,0%,0%,0%,0%,0%,,,,,,,,,,,,,,,,,,,,,,,,,,,,,,,,,,,,,,,,,,,,,,,,,,,,,,,,,,,,,,,,,,,,,,,,,,,,,,,,,,,,,,,,,,,,,,,,,,,,,,,,,,,,,,,,,,,,,,,,,,,,,,,,,,,,,,,,,,,,,,,,,,,,,,,,,,,,,,,,,,,,,,,,,,,,,,,,,,,,,,,,,,,,,,,,,,,,,,,,,,,,,,,,,,,,,,,,,,,,,,,,,,,,,,,,,,,,,,,,,,,,,,,,,,,,,,,,,,
NETRAA SERUM TOTAL,Pure Netraa,ZEPTO,QUICK COMMERCE,Mansi,Existing,Aug'25,Yes,,,,,,,,,,,,,,,,,,,,-,-,-,-,-,-,-,-,-,,,,,,,,,,,,,,,,,,,,,,,,,,,,,,,,,,,,,,,,,,,,,,,,,,,,,,,,,,,,,,,,,,,,,,,,,,,0%,0%,0%,0%,0%,0%,0%,0%,0%,0%,0%,0%,0%,0%,0%,0%,0%,0%,0%,,,,,,,,,,,,,,,,,,,,,,,,,,,,,,,,,,,,,,,,,,,,,,,,,,,,,,,,,,,,,,,,,,,,,,,,,,,,,,,,,,,,,,,,,,,,,,,,,,,,,,,,,,,,,,,,,,,,,,,,,,,,,,,,,,,,,,,,,,,,,,,,,,,,,,,,,,,,,,,,,,,,,,,,,,,,,,,,,,,,,,,,,,,,,,,,,,,,,,,,,,,,,,,,,,,,,,,,,,,,,,,,,,,,,,,,,,,,,,,,,,,,,,,,,,,,,,,,,,
NETRAA SERUM TOTAL,Pure Netraa,RETAIL,Retail,Mansi,Existing,,Yes,,,,,,,,,,,,,,,,,,,,,,,,,,,,,,,,,,,,,,,,,,,,,,,,,,,,,,,,,,,,,,,,,,,,,,,,,,,,,,,,,,,,,,,,,,,,,,,,,,,,,,,0%,0%,0%,0%,0%,0%,0%,0%,0%,0%,0%,0%,0%,0%,0%,0%,0%,0%,0%,0%,0%,0%,0%,0%,0%,0%,0%,0%,,,,,,,,,,,,,,,,,,,,,,,,,,,,,,,,,,,,,,,,,,,,,,,,,,,,,,,,,,,,,,,,,,,,,,,,,,,,,,,,,,,,,,,,,,,,,,,,,,,,,,,,,,,,,,,,,,,,,,,,,,,,,,,,,,,,,,,,,,,,,,,,,,,,,,,,,,,,,,,,,,,,,,,,,,,,,,,,,,,,,,,,,,,,,,,,,,,,,,,,,,,,,,,,,,,,,,,,,,,,,,,,,,,,,,,,,,,,,,,,,,,,,,,,,
NETRAA SERUM TOTAL,Pure Netraa,Bigbasket,QUICK COMMERCE,Mansi,Existing,,Yes,,,,,,,,,,,,,,,,,,,,,,,,,,,,,,,,,,,,,,,,,,,,,,,,,,,,,,,,,,,,,,,,,,,,,,,,,,,,,,,,,,,,,,,,,,,,,,,,,,,,,,,0%,0%,0%,0%,0%,0%,0%,0%,0%,0%,0%,0%,0%,0%,0%,0%,0%,0%,0%,0%,0%,0%,0%,0%,0%,0%,0%,0%,,,,,,,,,,,,,,,,,,,,,,,,,,,,,,,,,,,,,,,,,,,,,,,,,,,,,,,,,,,,,,,,,,,,,,,,,,,,,,,,,,,,,,,,,,,,,,,,,,,,,,,,,,,,,,,,,,,,,,,,,,,,,,,,,,,,,,,,,,,,,,,,,,,,,,,,,,,,,,,,,,,,,,,,,,,,,,,,,,,,,,,,,,,,,,,,,,,,,,,,,,,,,,,,,,,,,,,,,,,,,,,,,,,,,,,,,,,,,,,,,,,,,,,,,
NETRAA SERUM TOTAL,Pure Netraa,Firstcry,ECOMMERCE,Mansi,Existing,Jan'25,Yes,,,,,,,,,,,,,8948,,,17082,21020,18700,19420,15953,24879,25795,30185,24202,28897,28887,19083,19375,15854,17903,19443,21954,23788,27882,32828,36318,40279,44204,50507,23920,25863,28198,15384,16230,18107,19918,22308,23869,25540,27073,28697,,,,,,,,,,,,,,,,,,,,,,,,,,,,,2278,2572,2793,3154,3417,4006,4716,5218,5787,6350,7256,3266,3531,3850,2100,2216,2472,2719,3046,3259,3487,3696,3918,0%,0%,0%,0%,0%,0%,0%,0%,0%,0%,0%,0%,1%,0%,0%,2%,2%,2%,2%,2%,3%,3%,2%,2%,3%,3%,2%,2%,4%,4%,4%,4%,4%,5%,5%,5%,5%,5%,5%,5%,6%,6%,3%,3%,3%,3%,3%,3%,3%,3%,3%,,,,,,,,,,,,,,,,,,,,,,,,,,,,,2%,2%,2%,2%,2%,2%,3%,3%,3%,3%,3%,3%,3%,3%,2%,2%,2%,2%,2%,2%,2%,2%,2%,,,,,,,,,,,,,,,,,,,,,,,,,,,,,,,,,23%,-11%,4%,-18%,56%,4%,17%,-20%,19%,0%,-34%,2%,-18%,13%,9%,13%,8%,17%,18%,11%,11%,10%,14%,-53%,8%,9%,-45%,5%,12%,10%,12%,7%,7%,6%,6%,,,,,,,,,,,,,,,,,,13%,9%,13%,8%,17%,18%,11%,11%,10%,14%,-55%,8%,9%,-45%,6%,12%,10%,12%,7%,7%,6%,6%,,,,,,,,,,,,,,,,,0%,0%,0%,0%,0%,0%,0%,0%,0%,0%,-2%,0%,0%,0%,0%,0%,0%,0%,0%,0%,0%,0%,45%,21%,12%,,,-5%,759%,8948,35794,,274105,229000,,350335,539960,,275107,325240,,56802,60252,80182,57784,14201,20084,26727,28892,41%,33%,8%,103%
NETRAA SERUM TOTAL,Pure Netraa,OTHERS,OTHERS,Mansi,Existing,Jan'24,Yes,15295,27660,29576,29359,33809,59584,35200,23876,31647,30866,45442,84806,,78206,90968,80877,9844,2804,3445,5908,7273,142660,53564,15661,33573,97964,29806,,15854,17903,19443,21954,23788,27882,32828,36318,40279,44204,50507,23920,25863,28198,30769,32461,36214,39836,44616,47739,51081,54145,57394,,,,,,,,,,,,,,,,,,,,,,,,,,,,,2278,2572,2793,3154,3417,4006,4716,5218,5787,6350,7256,3266,3531,3850,4201,4432,4944,5439,6091,6518,6974,7392,7836,2%,3%,3%,3%,4%,8%,4%,3%,4%,4%,5%,9%,0%,7%,10%,8%,1%,0%,0%,1%,1%,15%,4%,2%,3%,9%,3%,0%,4%,4%,4%,4%,4%,5%,5%,5%,5%,5%,5%,5%,6%,6%,6%,6%,6%,6%,6%,6%,6%,6%,6%,,,,,,,,,,,,,,,,,,,,,,,,,,,,,2%,2%,2%,2%,2%,2%,3%,3%,3%,3%,3%,3%,3%,3%,3%,3%,3%,3%,3%,3%,3%,3%,3%,,,,,,,,,,,,,,,,,,,,,,,,,,,,,,,16%,-11%,-88%,-72%,23%,71%,23%,1862%,-62%,-71%,114%,192%,-70%,,,13%,9%,13%,8%,17%,18%,11%,11%,10%,14%,-53%,8%,9%,9%,5%,12%,10%,12%,7%,7%,6%,6%,,,,,,,,,,,,,,,,,,13%,9%,13%,8%,17%,18%,11%,11%,10%,14%,-55%,8%,9%,9%,5%,12%,10%,12%,7%,7%,6%,6%,,,,,,,,,,,,,,,,,0%,0%,0%,0%,0%,0%,0%,0%,0%,0%,-2%,0%,0%,0%,0%,0%,0%,0%,0%,0%,0%,0%,,-70%,113%,,-9%,-23%,-5%,543763,676696,,483377,357668,,330960,539960,,472236,650480,,184493,16626,211885,131537,46123,5542,70628,65768,-88%,1174%,-7%,43%
NETRAA SERUM TOTAL,Pure Netraa,TOTAL,TOTAL,Mansi,Existing,Jan'24,Yes,896493,867964,871546,890768,940536,782697,913089,803257,752625,836392,934091,960586,1086721,1044680,946201,1041647,1093028,894972,1018178,928696,880421,970667,1255149,1038693,1130085,1117380,867309,886447,404270,438631,476355,504937,535231,599460,689378,744528,805578,861971,934375,442517,465528,493459,523066,551834,579426,637369,713854,763822,817291,866328,918307,0,0,0,0,0,0,0,0,0,0,0,0,0,0,0,0,0,0,0,0,0,0,0,0,0,0,0,0,115382,123832,134479,143101,148907,164461,177521,192855,203992,222229,236585,111705,114425,122003,131025,138233,143263,157590,176344,188688,201896,214009,226850,100%,100%,100%,100%,100%,100%,100%,100%,100%,100%,100%,100%,100%,100%,100%,100%,100%,100%,100%,100%,100%,100%,100%,100%,100%,100%,100%,100%,100%,100%,100%,100%,100%,100%,100%,100%,100%,100%,100%,100%,100%,100%,100%,100%,100%,100%,100%,100%,100%,100%,100%,,,,,,,,,,,,,,,,,,,,,,,,,,,,,100%,100%,100%,100%,100%,100%,100%,100%,100%,100%,100%,100%,100%,100%,100%,100%,100%,100%,100%,100%,100%,100%,100%,,,,,,,,,,,,,,,,,,,,,,,,,,,,,13%,-4%,-9%,10%,5%,-18%,14%,-9%,-5%,10%,29%,-17%,9%,-1%,-22%,2%,-54%,8%,9%,6%,6%,12%,15%,8%,8%,7%,8%,-53%,5%,6%,6%,5%,5%,10%,12%,7%,7%,6%,6%,,,,,,,,,,,,,,,,,,7%,9%,6%,4%,10%,8%,9%,6%,9%,6%,-53%,2%,7%,7%,6%,4%,10%,12%,7%,7%,6%,6%,,,,,,,,,,,,,,,,,-1%,0%,0%,-2%,-2%,-7%,1%,-2%,2%,-2%,0%,-3%,1%,1%,0%,-1%,0%,0%,0%,0%,0%,0%,-9%,-8%,1%,,-1%,-2%,1%,10891643,12310409,12166219,12236225,10407708,10407703,7881161,10407696,10407703,7772801,10407704,10407703,3975848,2827295,3264509,2247465,993962,942432,1088170,1123733,-5%,15%,3%,13%
FACE GEL TOTAL,Active Gel,D2C,D2C,Tanu,Existing,Jan'24,No,435494,461319,564178,605794,1446363,1392626,1682829,1560506,1462215,1391520,1454320,1393922,840978,1522240,1900922,2689136,2459375,1610413,962688,868817,748968,720777,677849,620319,543381,555071,760351,1013925,612344,664393,721531,764823,810712,907998,1044198,1127734,1220208,1305622,1415294,1675692,1762828,1868598,1980713,2089653,2194135,2413549,2703175,2892397,3094865,3280557,3477390,255145,337598,440190,494275,723753,829781,567902,970299,919576,532396,558734,661228,758568,497066,1091943,1393396,1475602,943941,1008518,72059,330330,192864,162054,112903,134782,225186,274371,576473,150896,160381,174174,184373,186460,202938,209528,231809,235664,258627,268641,255837,247609,268431,291154,307167,300674,330742,351910,376543,402901,427075,452700,83%,77%,77%,84%,89%,88%,89%,89%,85%,84%,85%,84%,76%,82%,81%,100%,100%,76%,66%,70%,60%,66%,65%,66%,61%,51%,61%,71%,71%,71%,71%,71%,71%,71%,71%,71%,71%,71%,71%,71%,71%,71%,71%,71%,71%,71%,71%,71%,71%,71%,71%,87%,92%,93%,95%,92%,93%,90%,98%,97%,96%,94%,88%,96%,81%,87%,96%,96%,95%,95%,63%,88%,70%,73%,72%,75%,86%,88%,96%,60%,60%,60%,59%,58%,57%,55%,56%,53%,54%,52%,44%,41%,42%,43%,43%,40%,40%,38%,38%,38%,38%,38%,1.7,1.4,1.3,1.2,2.0,1.7,3.0,1.6,1.6,2.6,2.6,2.1,1.1,3.1,1.7,1.9,1.7,1.7,1.0,12.1,2.3,3.7,4.2,5.5,4.0,2.5,2.8,1.8,-40%,81%,25%,41%,-9%,-35%,-40%,-10%,-14%,-4%,-6%,-8%,-12%,2%,37%,33%,-40%,8%,9%,6%,6%,12%,15%,8%,8%,7%,8%,18%,5%,6%,6%,6%,5%,10%,12%,7%,7%,6%,6%,15%,-34%,120%,28%,6%,-36%,7%,-93%,358%,-42%,-16%,-30%,19%,67%,22%,110%,-74%,6%,9%,6%,1%,9%,3%,11%,2%,10%,4%,-5%,-3%,8%,8%,5%,-2%,10%,6%,7%,7%,6%,6%,-115%,95%,-14%,14%,-2%,47%,-83%,372%,-38%,-10%,-22%,32%,65%,-15%,77%,-34%,-2%,0%,0%,-5%,-3%,-12%,3%,-7%,3%,-5%,-23%,-8%,2%,2%,0%,-7%,0%,-6%,0%,0%,0%,0%,38%,-47%,-20%,73%,-7%,1%,-56%,16654235,17056558,,13217145,9124212,,11608782,15764496,,29433552,39411248,,8659846,2580473,2018945,1098452,2164962,860158,672982,549226,-60%,-22%,-18%,-75%
FACE GEL TOTAL,Active Gel,NYKAA,ECOMMERCE,Tanu,Existing,Jan'24,No,25409,35561,36503,42361,55227,47246,63066,64263,66018,74530,95963,75146,72225,98756,100340,,,,,120643,117504,,159208,141436,119057,160037,165036,159317,96217,104396,113373,120176,127387,142673,164074,177200,191730,205151,222384,263300,276991,293611,311228,328345,344762,379238,424747,454479,486293,515471,546399,,,,,,,,,,,,,,,,4452,10434,4123,17300,7299,5552,6434,17724,12003,12266,11905,10350,7623,10162,11475,12462,12312,13341,15637,18411,20369,22590,21249,24280,23122,24865,26956,29238,30846,28307,31138,34874,37315,39927,42323,44862,5%,6%,5%,6%,3%,3%,3%,4%,4%,5%,6%,5%,7%,5%,4%,0%,0%,0%,0%,10%,9%,0%,15%,15%,13%,15%,13%,11%,11%,11%,11%,11%,11%,11%,11%,11%,11%,11%,11%,11%,11%,11%,11%,11%,11%,11%,11%,11%,11%,11%,11%,,,,,,,,,,,,,,,,0%,1%,0%,2%,6%,1%,2%,8%,8%,7%,5%,3%,1%,4%,4%,4%,4%,4%,4%,5%,5%,5%,4%,5%,4%,4%,4%,4%,4%,4%,4%,4%,4%,4%,4%,4%,,,,,,,,,,,,,,,,,,,,16.5,21.2,,9.0,11.8,9.7,13.4,15.9,20.9,-4%,37%,2%,,,,,,-3%,,,-11%,-16%,34%,3%,-3%,-40%,9%,9%,6%,6%,12%,15%,8%,8%,7%,8%,18%,5%,6%,6%,5%,5%,10%,12%,7%,7%,6%,6%,,,,,134%,-60%,320%,-58%,-24%,16%,175%,-32%,2%,-3%,-13%,-26%,33%,13%,9%,-1%,8%,17%,18%,11%,11%,-6%,14%,-5%,8%,8%,8%,5%,-8%,10%,12%,7%,7%,6%,6%,,,,,,,,-21%,,,-21%,18%,-37%,-16%,-23%,73%,4%,0%,-7%,2%,5%,3%,3%,3%,-13%,6%,-23%,2%,2%,2%,0%,-13%,0%,0%,0%,0%,0%,0%,,,,9%,4%,,64%,855141,1085285,,982921,1980432,,1824078,2477060,,4624864,6192652,,100340,238147,300644,279094,25085,79382,100215,139547,216%,26%,39%,456%
FACE GEL TOTAL,Active Gel,AMAZON,ECOMMERCE,Tanu,Existing,Jan'24,No,51815,82717,119263,59752,100806,102906,105994,102110,137654,123966,102028,135629,143534,182207,263997,,,,,189681,304318,160418,142336,127050,158351,313643,235291,180374,108934,118194,128358,136060,144223,161530,185759,200620,217071,232266,251776,298100,313601,332418,352363,371742,390330,429362,480886,514548,550567,583601,618616,13000,23000,30000,27000,59856,62105,64000,22548,28561,21143,25291,21859,29750,112089,103395,50286,49804,34310,29031,27833,31927,70388,35956,30637,33752,24017,26239,16295,63514,67741,73567,78180,84712,93085,104117,107509,119233,130851,138830,132213,142179,142279,154323,162811,179290,197219,238741,255452,273334,289734,307118,10%,14%,16%,8%,6%,7%,6%,6%,8%,8%,6%,8%,13%,10%,11%,0%,0%,0%,0%,15%,24%,15%,14%,13%,18%,29%,19%,13%,13%,13%,13%,13%,13%,13%,13%,13%,13%,13%,13%,13%,13%,13%,13%,13%,13%,13%,13%,13%,13%,13%,13%,4%,6%,6%,5%,8%,7%,10%,2%,3%,4%,4%,3%,4%,18%,8%,3%,3%,3%,3%,24%,9%,26%,16%,20%,19%,9%,8%,3%,25%,25%,25%,25%,26%,26%,27%,26%,27%,27%,27%,23%,24%,22%,23%,23%,24%,24%,26%,26%,26%,26%,26%,4.0,3.6,4.0,2.2,1.7,1.7,1.7,4.5,4.8,5.9,4.0,6.2,4.8,1.6,2.6,,,,,6.8,9.5,2.3,4.0,4.1,4.7,13.1,9.0,11.1,6%,27%,45%,,,,,,60%,-47%,-11%,-11%,25%,98%,-25%,-23%,-40%,9%,9%,6%,6%,12%,15%,8%,8%,7%,8%,18%,5%,6%,6%,5%,5%,10%,12%,7%,7%,6%,6%,36%,277%,-8%,-51%,-1%,-31%,-15%,-4%,15%,120%,-49%,-15%,10%,-29%,9%,-38%,290%,7%,9%,6%,8%,10%,12%,3%,11%,10%,6%,-5%,8%,0%,8%,6%,10%,10%,21%,7%,7%,6%,6%,250%,-53%,,,,,,-46%,168%,-38%,-4%,-14%,-127%,34%,-15%,329%,-2%,0%,0%,2%,-2%,-3%,-5%,3%,3%,-2%,-23%,2%,-6%,2%,0%,5%,0%,9%,0%,0%,0%,0%,,,,-52%,-1%,7%,20%,1560583,2358950,,1631088,2823492,,2065165,2804452,,5236134,7011136,,263997,493999,429804,471994,65999,164666,143268,235997,149%,-13%,65%,258%
FACE GEL TOTAL,Active Gel,FLIPKART,ECOMMERCE,Tanu,Existing,Jan'24,No,8092,12222,7016,9841,9658,13054,9476,13054,12951,20151,13235,9226,21428,20151,25183,,,,,13059,23707,19650,14534,28445,19145,30453,44774,31349,18933,20542,22309,23647,25066,28074,32285,34868,37727,40368,43758,51810,54504,57774,61241,64609,67839,74623,83578,89429,95688,101429,107516,25000,6000,3000,0,0,0,0,,40,0,0,0,0,,,,585,1660,3424,,,,6,,,,2103,2530,13587,15344,16664,18816,20388,23896,28135,31127,34522,37885,43287,41224,44332,48059,52128,54995,57533,63287,70881,75843,81152,86021,91182,2%,2%,1%,1%,1%,1%,1%,1%,1%,1%,1%,1%,2%,1%,1%,0%,0%,0%,0%,1%,2%,2%,1%,3%,2%,3%,4%,2%,2%,2%,2%,2%,2%,2%,2%,2%,2%,2%,2%,2%,2%,2%,2%,2%,2%,2%,2%,2%,2%,2%,2%,9%,2%,1%,,,,,,0%,,,,,,,,0%,0%,0%,,,,0%,,,,1%,0%,5%,6%,6%,6%,6%,7%,7%,7%,8%,8%,8%,7%,7%,8%,8%,8%,8%,8%,8%,8%,8%,8%,8%,0.3,2.0,2.3,,,,,,323.8,,,,,,,,,,,,,,2422.3,,,,21.3,12.4,132%,-6%,25%,,,,,,82%,-17%,-26%,96%,-33%,59%,47%,-30%,-40%,8%,9%,6%,6%,12%,15%,8%,8%,7%,8%,18%,5%,6%,6%,5%,5%,10%,12%,7%,7%,6%,6%,,,,,,184%,106%,,,,,,,,,20%,437%,13%,9%,13%,8%,17%,18%,11%,11%,10%,14%,-5%,8%,8%,8%,5%,5%,10%,12%,7%,7%,6%,6%,,,,,,,,,,,,,,,50%,477%,4%,0%,7%,2%,5%,3%,3%,3%,3%,6%,-23%,2%,2%,2%,0%,0%,0%,0%,0%,0%,0%,0%,,,,,5%,15%,41%,177408,267048,,193767,537288,,358926,487412,,910040,1218532,,25183,36766,62629,49598,6296,12255,20876,24799,95%,70%,19%,294%
FACE GEL TOTAL,Active Gel,MYNTRA,ECOMMERCE,Tanu,Existing,Jan'25,No,,,,,,,,,,,,,21525,,,,,,,33755,26663,23293,16874,16471,19367,15822,13789,24228,14632,15876,17241,18276,19372,21697,24951,26947,29157,31198,33819,40041,42123,44650,47330,49933,52429,57672,64593,69115,73952,78390,83093,,,,,,0,0,0,0,3397,11786,9098,0,3888,5992,6928,5812,7042,8391,7827,6407,5725,5499,567,33,71,42,8,1844,2083,2262,2554,2767,3243,3819,4225,4686,5142,5875,5595,6017,6523,7075,7464,8220,9042,10127,10836,11594,12290,13027,0%,0%,0%,0%,0%,0%,0%,0%,0%,0%,0%,0%,2%,0%,0%,0%,0%,0%,0%,3%,2%,2%,2%,2%,2%,1%,1%,2%,2%,2%,2%,2%,2%,2%,2%,2%,2%,2%,2%,2%,2%,2%,2%,2%,2%,2%,2%,2%,2%,2%,2%,,,,,,,,,,1%,2%,1%,,1%,0%,0%,0%,1%,1%,7%,2%,2%,2%,0%,0%,0%,0%,0%,1%,1%,1%,1%,1%,1%,1%,1%,1%,1%,1%,1%,1%,1%,1%,1%,1%,1%,1%,1%,1%,1%,1%,,,,,,,,,,,,,,,,,,,,4.3,4.2,4.1,3.1,29.0,586.9,222.8,328.3,3028.5,,,,,,,,,-21%,-13%,-28%,-2%,18%,-18%,-13%,76%,-40%,9%,9%,6%,6%,12%,15%,8%,8%,7%,8%,18%,5%,6%,6%,5%,5%,10%,12%,7%,7%,6%,6%,,,54%,16%,-16%,21%,19%,-7%,-18%,-11%,-4%,-90%,-94%,115%,-41%,-81%,22950%,13%,9%,13%,8%,17%,18%,11%,11%,10%,14%,-5%,8%,8%,8%,5%,10%,10%,12%,7%,7%,6%,6%,,,,,,,,3%,2%,24%,-87%,-112%,133%,-28%,-157%,22990%,4%,0%,7%,2%,5%,3%,3%,3%,3%,6%,-23%,2%,2%,2%,0%,5%,0%,0%,0%,0%,0%,0%,,,,-96%,,-8%,128%,21525,86100,,166034,165468,,277394,376696,,703321,941740,,,60418,56638,35189,,20139,18879,17595,,-6%,-7%,
FACE GEL TOTAL,Active Gel,BLINKIT,QUICK COMMERCE,Tanu,Existing,,No,,,,,,,,,,,,,,,,,,,,,,,,,,,,,,,,,,,,,,,,,,,,,,,,,,,,,,,,,,,,,,,,,,,,,,,,,,,,,,,,,,,,,,,,,,,100220,107774,111444,120878,127527,140435,154478,173016,185127,198086,209971,222569,0%,0%,0%,0%,0%,0%,0%,0%,0%,0%,0%,0%,0%,0%,0%,0%,0%,0%,0%,,,,,,,,,,,,,,,,,,,,,,,,,,,,,,,,,,,,,,,,,,,,,,,,,,,,,,,,,,,,,,,,,,,,,,,,17%,18%,17%,18%,18%,19%,19%,19%,19%,19%,19%,19%,,,,,,,,,,,,,,,,,,,,,,,,,,,,,,,,,,,,,,,,,,,,,,,,,,,,,,,,,,,,,,,,,,,,,,,,,,,,,,,,,,,,,,,,,,,,,,,,8%,3%,8%,6%,10%,10%,12%,7%,7%,6%,6%,,,,,,,,,,,,,,,,,,,,,,,,,,,,,,,,,,,,,,,,,,,,,,,,,,,,,,,,,,,,,,,,,,,,,
FACE GEL TOTAL,Active Gel,INSTAMART,QUICK COMMERCE,Tanu,Existing,,No,,,,,,,,,,,,,,,,,,,,,,,,,,,,,,,,,,,,,,,,,,,,,,,,,,,,,,,,,,,,,,,,,,,,,,,,,,,,,,,,,,,,,,,,,,,,,,,,,,,,,,,0%,0%,0%,0%,0%,0%,0%,0%,0%,0%,0%,0%,0%,0%,0%,0%,0%,0%,0%,,,,,,,,,,,,,,,,,,,,,,,,,,,,,,,,,,,,,,,,,,,,,,,,,,,,,,,,,,,,,,,,,,,,,,,,,,,,,,,,,,,,,,,,,,,,,,,,,,,,,,,,,,,,,,,,,,,,,,,,,,,,,,,,,,,,,,,,,,,,,,,,,,,,,,,,,,,,,,,,,,,,,,,,,,,,,,,,,,,,,,,,,,,,,,,,,,,,,,,,,,,,,,,,,,,,,,,,,,,,,,,,,,,,,,,,,,,,,,,,,,,,,,,,,,,,,,,,,,
FACE GEL TOTAL,Active Gel,ZEPTO,QUICK COMMERCE,Tanu,Existing,,No,,,,,,,,,,,,,,,,,,,,,,,,,,,,,,,,,,,,,,,,,,,,,,,,,,,,,,,,,,,,,,,,,,,,,,,,,,,,,,,,,,,,,,,,,,,,,,,,,,,,,,,0%,0%,0%,0%,0%,0%,0%,0%,0%,0%,0%,0%,0%,0%,0%,0%,0%,0%,0%,,,,,,,,,,,,,,,,,,,,,,,,,,,,,,,,,,,,,,,,,,,,,,,,,,,,,,,,,,,,,,,,,,,,,,,,,,,,,,,,,,,,,,,,,,,,,,,,,,,,,,,,,,,,,,,,,,,,,,,,,,,,,,,,,,,,,,,,,,,,,,,,,,,,,,,,,,,,,,,,,,,,,,,,,,,,,,,,,,,,,,,,,,,,,,,,,,,,,,,,,,,,,,,,,,,,,,,,,,,,,,,,,,,,,,,,,,,,,,,,,,,,,,,,,,,,,,,,,,
FACE GEL TOTAL,Active Gel,RETAIL,Retail,Tanu,Existing,,No,,,,,,,,,,,,,,,,,,,,,,,,,,,,,,,,,,,,,,,,,,,,,,,,,,,,,,,,,,,,,,,,,,,,,,,,,,,,,,,,,,,,,,,,,,,,,,,,,,,,,,,0%,0%,0%,0%,0%,0%,0%,0%,0%,0%,0%,0%,0%,0%,0%,0%,0%,0%,0%,0%,0%,0%,0%,0%,0%,0%,0%,0%,,,,,,,,,,,,,,,,,,,,,,,,0%,0%,0%,0%,0%,0%,0%,0%,0%,0%,0%,0%,0%,0%,0%,0%,0%,0%,0%,0%,0%,0%,0%,0%,0%,0%,0%,0%,,,,,,,,,,,,,,,,,,,,,,,,,,,,,,,,,,,,,,,,,,,,,,,,,,,,,,,,,,,,,,,,,,,,,,,,,,,,,,,,,,,,,,,,,,,,,,,,,,,,,,,,,,,,,,,,,,,,,,,,,,,,,,,,,,,,,,,,,,,,,,,,,,,,,,,,,,,,,,,,,,,,,,,,,,,,,,,,,,,,,,,,,,,,,,,,,,,,,,
FACE GEL TOTAL,Active Gel,Bigbasket,QUICK COMMERCE,Tanu,Existing,,No,,,,,,,,,,,,,,,,,,,,,,,,,,,,,,,,,,,,,,,,,,,,,,,,,,,,,,,,,,,,,,,,,,,,,,,,,,,,,,,,,,,,,,,,,,,,,,,,,,,,,,,0%,0%,0%,0%,0%,0%,0%,0%,0%,0%,0%,0%,0%,0%,0%,0%,0%,0%,0%,0%,0%,0%,0%,0%,0%,0%,0%,0%,,,,,,,,,,,,,,,,,,,,,,,,,,,,,,,,,,,,,,,,,,,,,,,,,,,,,,,,,,,,,,,,,,,,,,,,,,,,,,,,,,,,,,,,,,,,,,,,,,,,,,,,,,,,,,,,,,,,,,,,,,,,,,,,,,,,,,,,,,,,,,,,,,,,,,,,,,,,,,,,,,,,,,,,,,,,,,,,,,,,,,,,,,,,,,,,,,,,,,,,,,,,,,,,,,,,,,,,,,,,,,,,,,,,,,,,,,,,,,,,,,,,,,,,,
FACE GEL TOTAL,Active Gel,Firstcry,ECOMMERCE,Tanu,Existing,Jan'25,No,,,,,,,,,,,,,5419,,,13381,9397,4878,10926,14533,20244,18691,25376,7777,18294,14413,22258,23529,14210,15418,16744,17749,18814,21071,24232,26170,28316,30298,32843,38886,40908,43362,45964,48492,50917,56008,62729,67120,71819,76128,80696,,,,,,,,,,,,,,,,,,,,,,,,,,,,,4932,5570,6049,6830,7401,8674,10213,11299,12531,13752,15713,14221,15293,16579,8991,9486,10446,11490,12869,13770,14734,15618,16555,0%,0%,0%,0%,0%,0%,0%,0%,0%,0%,0%,0%,0%,0%,0%,0%,0%,0%,1%,1%,2%,2%,2%,1%,2%,1%,2%,2%,2%,2%,2%,2%,2%,2%,2%,2%,2%,2%,2%,2%,2%,2%,2%,2%,2%,2%,2%,2%,2%,2%,2%,,,,,,,,,,,,,,,,,,,,,,,,,,,,,2%,2%,2%,2%,2%,2%,3%,3%,3%,3%,3%,2%,3%,3%,1%,1%,1%,1%,1%,1%,1%,1%,1%,,,,,,,,,,,,,,,,,,,,,,,,,,,,,,,,,-30%,-48%,124%,33%,39%,-8%,36%,-69%,135%,-21%,54%,6%,-40%,9%,9%,6%,6%,12%,15%,8%,8%,7%,8%,18%,5%,6%,6%,5%,5%,10%,12%,7%,7%,6%,6%,,,,,,,,,,,,,,,,,,13%,9%,13%,8%,17%,18%,11%,11%,10%,14%,-9%,8%,8%,-46%,6%,10%,10%,12%,7%,7%,6%,6%,,,,,,,,,,,,,,,,,4%,0%,7%,2%,5%,3%,3%,3%,3%,6%,-28%,2%,2%,-52%,0%,5%,0%,0%,0%,0%,0%,0%,-5%,23%,-16%,,,3%,914%,5419,21675,,180168,267097,,269394,365828,,683029,914572,,27656,45703,51844,32707,6914,15234,17281,16353,120%,13%,-5%,137%
FACE GEL TOTAL,Active Gel,OTHERS,OTHERS,Tanu,Existing,Jan'24,No,5172,9018,7193,7667,12731,20850,21642,17229,33806,38839,37115,38159,,37587,43041,,,492765,476287,4206,1815,142091,13662,3181,8082,7717,10661,,,,,,,,,,,,,,,,,,,,,,,,,,,,,,,,,,,,61139,,,51412,,,,,,,,,,1,,,1,4932,5570,6049,6830,7401,8674,10213,11299,12531,13752,15713,14221,15293,16579,17982,18971,20891,22981,25738,27540,29468,31236,33110,1%,2%,1%,1%,1%,1%,1%,1%,2%,2%,2%,2%,0%,2%,2%,0%,0%,23%,33%,0%,0%,13%,1%,0%,1%,1%,1%,0%,,,,,,,,,,,,,,,,,,,,,,,,,,,,,,,,,,,8%,,,4%,,,,,,,,,,0%,,,0%,2%,2%,2%,2%,2%,2%,3%,3%,3%,3%,3%,2%,3%,3%,3%,3%,3%,3%,3%,3%,3%,3%,3%,,,,,,,,,,,,0.6,,,0.8,,,,,,,,,,8082.0,,,,,,15%,,,,-3%,-99%,-57%,7729%,-90%,-77%,154%,-5%,38%,,,,,,,,,,,,,,,,,,,,,,,,,,,,,,,,,,,,,,,,,493100%,13%,9%,13%,8%,17%,18%,11%,11%,10%,14%,-9%,8%,8%,8%,5%,10%,10%,12%,7%,7%,6%,6%,,,,,,,,,,,,,,,,,,,,,,,,,,,,,,,,,,,,,,,,,-92%,,-11%,-35%,-67%,308666,322512,,1160467,127931,,,,,,,,535806,482308,158934,15799,133951,160769,52978,7900,20%,-67%,-85%,-94%
FACE GEL TOTAL,Active Gel,TOTAL,TOTAL,Tanu,Existing,Jan'24,No,525982,600837,734153,725415,1624785,1576682,1883007,1757162,1712644,1649006,1702661,1652082,1105108,1860941,2333483,2702517,2468772,2108056,1449901,1244694,1243219,1084920,1049839,944679,885677,1097156,1252160,1432722,865270,938819,1019556,1080731,1145574,1283043,1475499,1593539,1724209,1844903,1999874,2367829,2490955,2640413,2798839,2952774,3100412,3410452,3819708,4087088,4373184,4635576,4913710,293145,366598,473190,521275,783609,891886,631902,992847,948177,556936,595811,753324,788318,613043,1252742,1455062,1542237,991076,1066664,115018,374216,275411,221239,156110,180834,261179,313105,602930,249867,268164,291227,309895,322470,356147,384436,417637,441757,481258,512339,586653,603362,636850,681769,719267,745796,820377,918156,982426,1051196,1114268,1181123,100%,100%,100%,100%,100%,100%,100%,100%,100%,100%,100%,100%,100%,100%,100%,100%,100%,100%,100%,100%,100%,100%,100%,100%,100%,100%,100%,100%,100%,100%,100%,100%,100%,100%,100%,100%,100%,100%,100%,100%,100%,100%,100%,100%,100%,100%,100%,100%,100%,100%,100%,100%,100%,100%,100%,100%,100%,100%,100%,100%,100%,100%,100%,100%,100%,100%,100%,100%,100%,100%,100%,100%,100%,100%,100%,100%,100%,100%,100%,100%,100%,100%,100%,100%,100%,100%,100%,100%,100%,100%,100%,100%,100%,100%,100%,100%,100%,100%,100%,100%,100%,100%,1.8,1.6,1.6,1.4,2.1,1.8,3.0,1.8,1.8,3.0,2.9,2.2,1.4,3.0,1.9,1.9,1.6,2.1,1.4,10.8,3.3,3.9,4.7,6.1,4.9,4.2,4.0,2.4,-33%,68%,25%,16%,-9%,-15%,-31%,-14%,0%,-13%,-3%,-10%,-6%,24%,14%,14%,-40%,9%,9%,6%,6%,12%,15%,8%,8%,7%,8%,18%,5%,6%,6%,5%,5%,10%,12%,7%,7%,6%,6%,5%,-22%,104%,16%,6%,-36%,8%,-89%,225%,-26%,-20%,-29%,16%,44%,20%,93%,-59%,7%,9%,6%,4%,10%,8%,9%,6%,9%,6%,15%,3%,6%,7%,6%,4%,10%,12%,7%,7%,6%,6%,-91%,79%,0%,15%,-21%,39%,-75%,225%,-14%,-16%,-19%,22%,21%,6%,78%,-19%,-1%,0%,0%,-2%,-2%,-7%,1%,-2%,2%,-2%,-4%,-2%,0%,1%,0%,-1%,0%,0%,0%,0%,0%,0%,38%,-32%,-19%,48%,-5%,2%,-39%,19582976,21198129,,17531590,15025920,,16403739,22275944,,41590940,55689880,,9612828,3937814,3079438,1982833,2403207,1312605,1026479,991417,-45%,-22%,-3%,-59%
FACE GEL TOTAL,Aloe Vera Gel,D2C,D2C,Tanu,Existing,Jan'24,No,389451,433181,526688,531230,559552,388307,404135,384117,296985,292461,312561,241105,408130,377916,620187,926473,674073,463754,539077,548829,493694,481096,421800,390747,314909,285675,420026,453531,273903,297185,322743,342107,362634,406150,467072,504438,545802,584008,633065,749541,788517,835828,885978,934706,981442,1079586,1209136,1293776,1384340,1467401,1555445,,,,,,,,,,,,,,,,,,,,52323,70761,76077,101754,54902,62755,80786,116568,77506,,,,,,,,,,,,,,,,,,,,,,,,80%,80%,81%,82%,79%,78%,79%,80%,73%,74%,75%,72%,78%,73%,71%,99%,98%,65%,68%,62%,57%,60%,48%,55%,51%,35%,53%,48%,48%,48%,48%,48%,48%,48%,48%,48%,48%,48%,48%,48%,48%,48%,48%,48%,48%,48%,48%,48%,48%,48%,48%,0%,0%,0%,0%,0%,0%,,,,,0%,0%,,0%,0%,0%,0%,0%,0%,24%,37%,35%,48%,40%,37%,40%,72%,100%,,,,,,,,,,,,,,,,,,,,,,,,,,,,,,,,,,,,,,,,,,,10.5,7.0,6.3,4.1,7.1,5.0,3.5,3.6,5.9,69%,-7%,64%,49%,-27%,-31%,16%,2%,-10%,-3%,-12%,-7%,-19%,-9%,47%,8%,-40%,9%,9%,6%,6%,12%,15%,8%,8%,7%,8%,18%,5%,6%,6%,5%,5%,10%,12%,7%,7%,6%,6%,,,,,,,,,35%,8%,34%,-46%,14%,29%,44%,-34%,,,,,,,,,,,,,,,,,,,,,,,,,,,,,,,45%,10%,46%,-39%,34%,38%,-3%,-41%,,,,,,,,,,,,,,,,,,,,,,,,7%,-27%,-15%,1%,-3%,-2%,-27%,4816683,5624930,,5960153,5040312,,5192638,7051500,,13165696,17628744,,2684486,1581600,1293643,600584,671122,527200,431214,300292,-21%,-18%,-30%,-55%
FACE GEL TOTAL,Aloe Vera Gel,NYKAA,ECOMMERCE,Tanu,Existing,Jan'24,No,30315,44845,46157,38318,59098,41699,48363,40728,40077,33131,47115,39958,48680,83437,107798,,,,,120135,121852,,129238,110389,89612,138828,122927,115919,70007,75958,82491,87440,92686,103809,119380,128930,139503,149268,161806,191577,201539,213631,226449,238904,250849,275934,309046,330679,353827,375056,397559,,,,,,,,,,,,,,,,18382.5,22072.5,11285.5,31009.5,32169,29901,28042,52890,31008,28089,41504,26151,,,,,,,,,,,,,,,,,,,,,,,,,6%,8%,7%,6%,8%,8%,9%,8%,10%,8%,11%,12%,9%,16%,12%,0%,0%,0%,0%,14%,14%,0%,15%,15%,15%,17%,15%,12%,12%,12%,12%,12%,12%,12%,12%,12%,12%,12%,12%,12%,12%,12%,12%,12%,12%,12%,12%,12%,12%,12%,12%,0%,0%,0%,0%,0%,0%,,,,,0%,0%,,0%,0%,19%,23%,6%,23%,15%,16%,13%,25%,23%,17%,20%,16%,,,,,,,,,,,,,,,,,,,,,,,,,,,,,,,,,,,,,,,,,,,,3.7,4.1,,2.4,3.6,3.2,3.3,4.7,,22%,71%,29%,,,,,,1%,,,-15%,-19%,55%,-11%,-6%,-40%,9%,9%,6%,6%,12%,15%,8%,8%,7%,8%,18%,5%,6%,6%,6%,5%,10%,12%,7%,7%,6%,6%,,,,,20%,-49%,175%,4%,-7%,-6%,89%,-41%,-9%,48%,-37%,,,,,,,,,,,,,,,,,,,,,,,,,,,,,,,,-8%,,,-27%,9%,-7%,-26%,,,,,,,,,,,,,,,,,,,,,,,,,,,,,1%,,46%,628401,959656,,832981,1475124,,1327197,1802308,,3365050,4505768,,107798,241987,239627,228440,26950,80662,79876,114220,199%,-1%,43%,324%
FACE GEL TOTAL,Aloe Vera Gel,AMAZON,ECOMMERCE,Tanu,Existing,Jan'24,No,59133,57137,70452,68767,70407,46170,48305,46938,54403,54076,45259,41944,55781,40417,118766,,,,,157476,194826,167928,151758,150190,145633,247928,164924,312753,188882,204937,222562,235915,250071,280079,322091,347858,376383,402729,436559,516880,543758,576383,610966,644570,676798,744478,833815,892182,954635,1011913,1072628,35500,20000,10500,4500,1928.5,2117.5,,,,,,,,1658.5,18191.5,77659.5,73369,183466,88774.5,128253,78726,102655,48230,45589,67782,68292,,,,,,,,,,,,,,,,,,,,,,,,,,12%,11%,11%,11%,10%,9%,9%,10%,13%,14%,11%,13%,11%,8%,14%,0%,0%,0%,0%,18%,23%,21%,17%,21%,24%,30%,21%,33%,33%,33%,33%,33%,33%,33%,33%,33%,33%,33%,33%,33%,33%,33%,33%,33%,33%,33%,33%,33%,33%,33%,33%,100%,100%,100%,100%,100%,100%,,,,,0%,0%,,45%,86%,81%,77%,94%,66%,58%,42%,47%,23%,33%,40%,33%,,,,,,,,,,,,,,,,,,,,,,,,,,1.7,2.9,6.7,15.3,36.5,21.8,,,,,,,,24.4,6.5,,,,,1.2,2.5,1.6,3.1,3.3,2.1,3.6,,,33%,-28%,194%,,,,,,24%,-14%,-10%,-1%,-3%,70%,-33%,90%,-40%,9%,9%,6%,6%,12%,15%,8%,8%,7%,8%,18%,5%,6%,6%,6%,5%,10%,12%,7%,7%,6%,6%,,,997%,327%,-6%,150%,-52%,44%,-39%,30%,-53%,-5%,49%,1%,,,,,,,,,,,,,,,,,,,,,,,,,,,803%,,,,,,-62%,44%,-43%,-4%,52%,-69%,,,,,,,,,,,,,,,,,,,,,,,,,,,,,,3%,0%,160%,691231,859854,,1380663,1979088,,3580819,4862684,,9079006,12156704,,118766,352302,469876,393561,29691,117434,156625,196781,296%,33%,26%,563%
FACE GEL TOTAL,Aloe Vera Gel,FLIPKART,ECOMMERCE,Tanu,Existing,Jan'24,No,3213,1370,2922,4640,9007,1671,4472,1671,5885,5300,1721,2738,179,2795,3076,,,,,857,3814,5692,5465,21701,8436,12352,23752,10253,6192,6718,7296,7734,8198,9182,10559,11404,12339,13203,14312,16945,17826,18896,20029,21131,22188,24406,27335,29248,31296,33174,35164,,,,,,,,,,,,,,2002,,,,1275,362,,,,,,,,1171,,,,,,,,,,,,,,,,,,,,,,,,,1%,0%,0%,1%,1%,0%,1%,0%,1%,1%,0%,1%,0%,1%,0%,0%,0%,0%,0%,0%,0%,1%,1%,3%,1%,2%,3%,1%,1%,1%,1%,1%,1%,1%,1%,1%,1%,1%,1%,1%,1%,1%,1%,1%,1%,1%,1%,1%,1%,1%,1%,0%,0%,0%,0%,0%,0%,,,,,0%,0%,,55%,0%,0%,0%,1%,0%,,,,,,,,1%,,,,,,,,,,,,,,,,,,,,,,,,,,,,,,,,,,,,,,1.4,,,,,,,,,,,,,20.3,,-93%,1465%,10%,,,,,,345%,49%,-4%,297%,-61%,46%,92%,-57%,-40%,8%,9%,6%,6%,12%,15%,8%,8%,7%,8%,18%,5%,6%,6%,6%,5%,10%,12%,7%,7%,6%,6%,,,,,,,-72%,,,,,,,,,,,,,,,,,,,,,,,,,,,,,,,,,,,,,,,,,,,,,,,,,,,,,,,,,,,,,,,,,,,,,,,,,,,19%,27%,636%,43152,24196,,82069,285024,,117390,159416,,297638,398536,,3076,4671,32858,20788,769,1557,10953,10394,102%,603%,-5%,1252%
FACE GEL TOTAL,Aloe Vera Gel,MYNTRA,ECOMMERCE,Tanu,Existing,Jan'25,No,,,,,,,,,,,,,4304,,,,,,,19814,15585,13471,10831,22357,18923,17446,25612,20089,12133,13164,14296,15153,16063,17990,20689,22344,24176,25869,28041,33201,34927,37023,39244,41402,43473,47820,53558,57307,61319,64998,68898,,,,,,,,,,,1555.5,136.5,,,,,,,15169,8041,9590,11199,7878,6140,9684,13339,18549,,,,,,,,,,,,,,,,,,,,,,,,,0%,0%,0%,0%,0%,0%,0%,0%,0%,0%,0%,0%,1%,0%,0%,0%,0%,0%,0%,2%,2%,2%,1%,3%,3%,2%,3%,2%,2%,2%,2%,2%,2%,2%,2%,2%,2%,2%,2%,2%,2%,2%,2%,2%,2%,2%,2%,2%,2%,2%,2%,0%,0%,0%,0%,0%,0%,,,,,100%,3%,,0%,0%,0%,0%,0%,11%,4%,5%,5%,4%,4%,6%,7%,11%,,,,,,,,,,,,,,,,,,,,,,,,,,,,,,,,,,,,,,,,,,,,2.5,1.6,1.2,1.4,3.6,2.0,1.3,1.4,,,,,,,,,,-21%,-14%,-20%,106%,-15%,-8%,47%,-22%,-40%,8%,9%,6%,6%,12%,15%,8%,8%,7%,8%,18%,5%,6%,6%,5%,5%,10%,12%,7%,7%,6%,6%,,,,,,,,-47%,19%,17%,-30%,-22%,58%,38%,39%,,,,,,,,,,,,,,,,,,,,,,,,,,,,,,,,41%,30%,-10%,-128%,73%,46%,-8%,,,,,,,,,,,,,,,,,,,,,,,,,,,,,,11%,1340%,4304,17216,,144039,307344,,230007,312344,,583170,780860,,,35399,46659,36369,,11800,15553,18185,,32%,17%,
FACE GEL TOTAL,Aloe Vera Gel,BLINKIT,QUICK COMMERCE,Tanu,Existing,,No,,,,,,,,,,,,,,,,,,,,,,,,,,,,,,,,,,,,,,,,,,,,,,,,,,,,,,,,,,,,,,,,,,,,,,,,,,,,,,,,,,,,,,,,,,,,,,,,,,,,,,,0%,0%,0%,0%,0%,0%,0%,0%,0%,0%,0%,0%,0%,0%,0%,0%,0%,0%,0%,0%,0%,0%,0%,0%,0%,0%,0%,0%,,,,,,,,,,,,,,,,,,,,,,,,0%,0%,0%,0%,0%,0%,,,,,0%,0%,,0%,0%,0%,0%,0%,0%,,,,,,,,,,,,,,,,,,,,,,,,,,,,,,,,,,,,,,,,,,,,,,,,,,,,,,,,,,,,,,,,,,,,,,,,,,,,,,,,,,,,,,,,,,,,,,,,,,,,,,,,,,,,,,,,,,,,,,,,,,,,,,,,,,,,,,,,,,,,,,,,,,,,,,,,,,,,,,,,,,,,,,,,,,,,,,,,,,,,,,,,,,,,,,,,,,,,,,,,,,,,,,,
FACE GEL TOTAL,Aloe Vera Gel,INSTAMART,QUICK COMMERCE,Tanu,Existing,,No,,,,,,,,,,,,,,,,,,,,,,,,,,,,,,,,,,,,,,,,,,,,,,,,,,,,,,,,,,,,,,,,,,,,,,,,,,,,,,,,,,,,,,,,,,,,,,,,,,,,,,,0%,0%,0%,0%,0%,0%,0%,0%,0%,0%,0%,0%,0%,0%,0%,0%,0%,0%,0%,0%,0%,0%,0%,0%,0%,0%,0%,0%,,,,,,,,,,,,,,,,,,,,,,,,0%,0%,0%,0%,0%,0%,,,,,0%,0%,,0%,0%,0%,0%,0%,0%,,,,,,,,,,,,,,,,,,,,,,,,,,,,,,,,,,,,,,,,,,,,,,,,,,,,,,,,,,,,,,,,,,,,,,,,,,,,,,,,,,,,,,,,,,,,,,,,,,,,,,,,,,,,,,,,,,,,,,,,,,,,,,,,,,,,,,,,,,,,,,,,,,,,,,,,,,,,,,,,,,,,,,,,,,,,,,,,,,,,,,,,,,,,,,,,,,,,,,,,,,,,,,,
FACE GEL TOTAL,Aloe Vera Gel,ZEPTO,QUICK COMMERCE,Tanu,Existing,,No,,,,,,,,,,,,,,,,,,,,,,,,,,,,,,,,,,,,,,,,,,,,,,,,,,,,,,,,,,,,,,,,,,,,,,,,,,,,,,,,,,,,,,,,,,,,,,,,,,,,,,,0%,0%,0%,0%,0%,0%,0%,0%,0%,0%,0%,0%,0%,0%,0%,0%,0%,0%,0%,0%,0%,0%,0%,0%,0%,0%,0%,0%,,,,,,,,,,,,,,,,,,,,,,,,0%,0%,0%,0%,0%,0%,,,,,0%,0%,,0%,0%,0%,0%,0%,0%,,,,,,,,,,,,,,,,,,,,,,,,,,,,,,,,,,,,,,,,,,,,,,,,,,,,,,,,,,,,,,,,,,,,,,,,,,,,,,,,,,,,,,,,,,,,,,,,,,,,,,,,,,,,,,,,,,,,,,,,,,,,,,,,,,,,,,,,,,,,,,,,,,,,,,,,,,,,,,,,,,,,,,,,,,,,,,,,,,,,,,,,,,,,,,,,,,,,,,,,,,,,,,,
FACE GEL TOTAL,Aloe Vera Gel,RETAIL,Retail,Tanu,Existing,,No,,,,,,,,,,,,,,,,,,,,,,,,,,,,,,,,,,,,,,,,,,,,,,,,,,,,,,,,,,,,,,,,,,,,,,,,,,,,,,,,,,,,,,,,,,,,,,,,,,,,,,,0%,0%,0%,0%,0%,0%,0%,0%,0%,0%,0%,0%,0%,0%,0%,0%,0%,0%,0%,0%,0%,0%,0%,0%,0%,0%,0%,0%,,,,,,,,,,,,,,,,,,,,,,,,0%,0%,0%,0%,0%,0%,,,,,0%,0%,,0%,0%,0%,0%,0%,0%,0%,0%,0%,0%,0%,0%,0%,0%,0%,,,,,,,,,,,,,,,,,,,,,,,,,,,,,,,,,,,,,,,,,,,,,,,,,,,,,,,,,,,,,,,,,,,,,,,,,,,,,,,,,,,,,,,,,,,,,,,,,,,,,,,,,,,,,,,,,,,,,,,,,,,,,,,,,,,,,,,,,,,,,,,,,,,,,,,,,,,,,,,,,,,,,,,,,,,,,,,,,,,,,,,,,,,,,,,,,,,,,,
FACE GEL TOTAL,Aloe Vera Gel,Bigbasket,QUICK COMMERCE,Tanu,Existing,,No,,,,,,,,,,,,,,,,,,,,,,,,,,,,,,,,,,,,,,,,,,,,,,,,,,,,,,,,,,,,,,,,,,,,,,,,,,,,,,,,,,,,,,,,,,,,,,,,,,,,,,,0%,0%,0%,0%,0%,0%,0%,0%,0%,0%,0%,0%,0%,0%,0%,0%,0%,0%,0%,0%,0%,0%,0%,0%,0%,0%,0%,0%,,,,,,,,,,,,,,,,,,,,,,,,0%,0%,0%,0%,0%,0%,,,,,0%,0%,,0%,0%,0%,0%,0%,0%,,,,,,,,,,,,,,,,,,,,,,,,,,,,,,,,,,,,,,,,,,,,,,,,,,,,,,,,,,,,,,,,,,,,,,,,,,,,,,,,,,,,,,,,,,,,,,,,,,,,,,,,,,,,,,,,,,,,,,,,,,,,,,,,,,,,,,,,,,,,,,,,,,,,,,,,,,,,,,,,,,,,,,,,,,,,,,,,,,,,,,,,,,,,,,,,,,,,,,,,,,,,,,,
FACE GEL TOTAL,Aloe Vera Gel,Firstcry,ECOMMERCE,Tanu,Existing,Jan'25,No,,,,,,,,,,,,,3553,,,12369,10499,9201,16343,28582,30114,21131,23085,17910,23604,14402,22003,26004,15705,17039,18505,19615,20792,23287,26780,28923,31294,33485,36298,42976,45211,47924,50799,53593,56272,61900,69328,74181,79374,84136,89184,,,,,,,,,,,,,,,,,,,,,,,,,,,,,,,,,,,,,,,,,,,,,,,,,,,,0%,0%,0%,0%,0%,0%,0%,0%,0%,0%,0%,0%,1%,0%,0%,1%,2%,1%,2%,3%,3%,3%,3%,3%,4%,2%,3%,3%,3%,3%,3%,3%,3%,3%,3%,3%,3%,3%,3%,3%,3%,3%,3%,3%,3%,3%,3%,3%,3%,3%,3%,0%,0%,0%,0%,0%,0%,,,,,0%,0%,,0%,0%,0%,0%,0%,0%,,,,,,,,,,,,,,,,,,,,,,,,,,,,,,,,,,,,,,,,,,,,,,,,,,,,,,,,,,,,,,,,,-15%,-12%,78%,75%,5%,-30%,9%,-22%,32%,-39%,53%,18%,-40%,8%,9%,6%,6%,12%,15%,8%,8%,7%,8%,18%,5%,6%,6%,6%,5%,10%,12%,7%,7%,6%,6%,,,,,,,,,,,,,,,,,,,,,,,,,,,,,,,,,,,,,,,,,,,,,,,,,,,,,,,,,,,,,,,,,,,,,,,,,,,,,,61%,56%,5%,,,1%,1589%,3553,14213,,229243,264040,,297727,404308,,754878,1010776,,32070,75039,62126,38006,8017,25013,20709,19003,212%,-17%,-8%,137%
FACE GEL TOTAL,Aloe Vera Gel,OTHERS,OTHERS,Tanu,Existing,Jan'24,No,2045,2776,6129,5707,6423,18736,8441,7396,8649,8101,8587,7622,,15881,28865,,,240169,232047,4885,4522,109309,137778,1645,12639,98396,16846,,,,,,,,,,,,,,,,,,,,,,,,,,,,,,,,,,,,4412.5,,,2996,,,,,,,,,,,,,,,,,,,,,,,,,,,,,,,,,,,,,0%,1%,1%,1%,1%,4%,2%,2%,2%,2%,2%,2%,0%,3%,3%,0%,0%,34%,29%,1%,1%,14%,16%,0%,2%,12%,2%,0%,,,,,,,,,,,,,,,,,,,,,,,,0%,0%,0%,0%,0%,0%,,,,,0%,97%,,0%,14%,0%,0%,0%,0%,,,,,,,,,,,,,,,,,,,,,,,,,,,,,,,,,,,,,,,,,,,,1.7,,,9.6,,,,,,,,,,,,,,,,82%,,,,-3%,-98%,-7%,2317%,26%,-99%,668%,678%,-83%,,,,,,,,,,,,,,,,,,,,,,,,,,,,,,,,,,,,,,,,,,,,,,,,,,,,,,,,,,,,,,,,,,,,,,,,,,,,,,,,,,,,,,,,,,,,,,,,,,,,,,,,-92%,,-4%,-27%,186%,124407,178984,,858236,202148,,,,,,,,269034,241454,248732,111035,67258,80485,82911,55518,20%,3%,-33%,-17%
FACE GEL TOTAL,Aloe Vera Gel,TOTAL,TOTAL,Tanu,Existing,Jan'24,No,484155,539308,652347,648662,704486,496582,513715,480850,405999,393069,415242,333366,520627,520444,878691,938842,684572,713124,787467,880578,864407,798627,879955,714939,613756,815027,796090,938549,566822,615001,667893,707964,750444,840497,966571,1043897,1129497,1208562,1310081,1551120,1631778,1729685,1833465,1934306,2031022,2234124,2502218,2677373,2864791,3036678,3218878,35500,20000,10500,4500,1928.5,2117.5,0,0,0,0,1555.5,4549,0,3660.5,21187.5,96042,95441.5,196026.5,135315,220786,188978,217973,210752,137639,168310,203921,162439,77506,0,0,0,0,0,0,0,0,0,0,0,0,0,0,0,0,0,0,0,0,0,0,0,100%,100%,100%,100%,100%,100%,100%,100%,100%,100%,100%,100%,100%,100%,100%,100%,100%,100%,100%,100%,100%,100%,100%,100%,100%,100%,100%,100%,100%,100%,100%,100%,100%,100%,100%,100%,100%,100%,100%,100%,100%,100%,100%,100%,100%,100%,100%,100%,100%,100%,100%,100%,100%,100%,100%,100%,100%,,,,,100%,100%,,100%,100%,100%,100%,100%,100%,100%,100%,100%,100%,100%,100%,100%,100%,100%,,,,,,,,,,,,,,,,,,,,,,,,13.6,27.0,62.1,144.1,365.3,234.5,,,,,267.0,73.3,,142.2,41.5,9.8,7.2,3.6,5.8,4.0,4.6,3.7,4.2,5.2,3.6,4.0,4.9,12.1,56%,0%,69%,7%,-27%,4%,10%,12%,-2%,-8%,10%,-19%,-14%,33%,-2%,18%,-40%,8%,9%,6%,6%,12%,15%,8%,8%,7%,8%,18%,5%,6%,6%,6%,5%,10%,12%,7%,7%,6%,6%,,,479%,353%,-1%,105%,-31%,63%,-14%,15%,-3%,-35%,22%,21%,-20%,-52%,,,,,,,,,,,,,,,,,,,,,,,,,410%,346%,26%,101%,-41%,51%,-13%,23%,-13%,-16%,36%,-12%,-18%,-70%,,,,,,,,,,,,,,,,,,,,,,,,17%,-4%,-5%,-40%,-1%,0%,16%,6311730,7679049,,9487384,9553080,,10745778,14592560,,27245438,36481388,,3215229,2532452,2393521,1428783,803807,844151,797840,714392,5%,-5%,-10%,-11%
FACE SERUM TOTAL,FACE SERUM,D2C,D2C,Tanu,New,Jul'26,Yes,,,,,,,,,,,,,,,,,,,,,,,,,,,,,,,2196930,831695,566534,599016,646656,710429,716989,767179,783511,742134,715665,772918,835049,880977,855135,940648,1053526,1127273,1206182,1278553,1355266,,,,,,,,,,,,,,,,,,,,,,,,,,,,,,,1135984,430051,292942,309738,317653,348980,352202,376857,384879,364554,351552,379676,410196,432757,420063,462069,491641,526056,562880,596653,632452,,,,,,,,,,,,,,,,,,,,,,,,,,,,,,,100%,36%,23%,22%,20%,21%,19%,19%,18%,18%,17%,17%,17%,17%,16%,16%,16%,16%,16%,16%,16%,,,,,,,,,,,,,,,,,,,,,,,,,,,,,,,100%,62%,44%,43%,40%,40%,38%,38%,36%,36%,34%,35%,35%,35%,33%,33%,31%,31%,31%,31%,31%,,,,,,,,,,,,,,,,,,,,,,,,,,,,,,,,,,,,,,,,,,,,,,,,-62%,-32%,6%,8%,10%,1%,7%,2%,-5%,-4%,8%,8%,6%,-3%,10%,12%,7%,7%,6%,6%,,,,,,,,,,,,,,,,,,,,-62%,-32%,6%,3%,10%,1%,7%,2%,-5%,-4%,8%,8%,6%,-3%,10%,6%,7%,7%,6%,6%,,,,,,,,,,,,,,,,,,,0%,0%,0%,-5%,0%,0%,0%,0%,0%,0%,0%,0%,0%,0%,0%,-6%,0%,0%,0%,0%,,,,,,,,,,,,,,7818939,9070716,,11763326,15360004,,,,,,,,,,,,,
FACE SERUM TOTAL,FACE SERUM,NYKAA,ECOMMERCE,Tanu,New,Aug'26,Yes,,,,,,,,,,,,,,,,,,,,,,,,,,,,,,,,388124,283267,322547,377216,414417,456266,418461,470107,445281,477110,515279,556699,587318,534459,587905,658454,704545,753864,799095,847041,,,,,,,,,,,,,,,,,,,,,,,,,,,,,,,,28719,20960,23867,27912,30664,33761,30964,34785,32948,35303,38128,41192,43458,39547,43501,48722,52132,55781,59128,62676,,,,,,,,,,,,,,,,,,,,,,,,,,,,,,,,17%,11%,12%,12%,12%,12%,11%,11%,11%,11%,11%,12%,12%,10%,10%,10%,10%,10%,10%,10%,,,,,,,,,,,,,,,,,,,,,,,,,,,,,,,,4%,3%,3%,4%,4%,4%,3%,3%,3%,3%,3%,4%,4%,3%,3%,3%,3%,3%,3%,3%,,,,,,,,,,,,,,,,,,,,,,,,,,,,,,,,,,,,,,,,,,,,,,,,,-27%,14%,17%,10%,10%,-8%,12%,-5%,7%,8%,8%,6%,-9%,10%,12%,7%,7%,6%,6%,,,,,,,,,,,,,,,,,,,,,-27%,14%,17%,10%,10%,-8%,12%,-5%,7%,8%,8%,6%,-9%,10%,12%,7%,7%,6%,6%,,,,,,,,,,,,,,,,,,,,,,,,,,,,,,,,,,,,,,,,,,,,,,,,,,,,3130405,5379336,,7467050,9600000,,,,,,,,,,,,,
FACE SERUM TOTAL,FACE SERUM,AMAZON,ECOMMERCE,Tanu,New,Aug'26,Yes,,,,,,,,,,,,,,,,,,,,,,,,,,,,,,,,887141,647468,691172,808320,828834,912532,976409,1018565,964775,1033738,1030558,1113398,1174635,1282702,1410972,1580289,1690909,1809273,1917829,2032899,,,,,,,,,,,,,,,,,,,,,,,,,,,,,,,,182355,133089,142073,157845,161851,178195,190669,198901,188397,201864,201243,217420,229378,250481,275529,333537,356884,381866,404778,429065,,,,,,,,,,,,,,,,,,,,,,,,,,,,,,,,38%,26%,25%,25%,24%,25%,25%,24%,24%,24%,23%,23%,23%,24%,24%,24%,24%,24%,24%,24%,,,,,,,,,,,,,,,,,,,,,,,,,,,,,,,,26%,20%,20%,20%,19%,19%,19%,19%,19%,20%,18%,19%,19%,20%,20%,21%,21%,21%,21%,21%,,,,,,,,,,,,,,,,,,,,,,,,,,,,,,,,,,,,,,,,,,,,,,,,,-27%,7%,17%,3%,10%,7%,4%,-5%,7%,0%,8%,6%,9%,10%,12%,7%,7%,6%,6%,,,,,,,,,,,,,,,,,,,,,-27%,7%,11%,3%,10%,7%,4%,-5%,7%,0%,8%,5%,9%,10%,21%,7%,7%,6%,6%,,,,,,,,,,,,,,,,,,,,,,,,,,,,,,,,,,,,,,,,,,,,,,,,,,,,6770441,11630024,,17041977,23040004,,,,,,,,,,,,,
FACE SERUM TOTAL,FACE SERUM,FLIPKART,ECOMMERCE,Tanu,New,Aug'26,Yes,,,,,,,,,,,,,,,,,,,,,,,,,,,,,,,,166339,121400,138234,161664,177607,195543,209231,235053,222640,238555,257639,278350,293659,320675,352743,395072,422727,452318,479457,508225,,,,,,,,,,,,,,,,,,,,,,,,,,,,,,,,43888,32031,36472,42654,46861,51593,55204,62017,58742,62941,67977,73441,77480,80378,88416,99026,105957,113374,120177,127388,,,,,,,,,,,,,,,,,,,,,,,,,,,,,,,,7%,5%,5%,5%,5%,5%,5%,5%,5%,6%,6%,6%,6%,6%,6%,6%,6%,6%,6%,6%,,,,,,,,,,,,,,,,,,,,,,,,,,,,,,,,6%,5%,5%,5%,5%,6%,6%,6%,6%,6%,6%,6%,6%,6%,6%,6%,6%,6%,6%,6%,,,,,,,,,,,,,,,,,,,,,,,,,,,,,,,,,,,,,,,,,,,,,,,,,-27%,14%,17%,10%,10%,7%,12%,-5%,7%,8%,8%,5%,9%,10%,12%,7%,7%,6%,6%,,,,,,,,,,,,,,,,,,,,,-27%,14%,17%,10%,10%,7%,12%,-5%,7%,8%,8%,5%,4%,10%,12%,7%,7%,6%,6%,,,,,,,,,,,,,,,,,,,,,,,,,,,,,,,,,,,,,,,,,,,,,,,,,,,,1405071,2559308,,4222060,5760000,,,,,,,,,,,,,
FACE SERUM TOTAL,FACE SERUM,MYNTRA,ECOMMERCE,Tanu,New,Aug'26,Yes,,,,,,,,,,,,,,,,,,,,,,,,,,,,,,,,55446,40467,46078,53888,59202,65181,69744,78351,74213,79518,85880,92783,97886,106892,117581,131691,140909,150773,159819,169408,,,,,,,,,,,,,,,,,,,,,,,,,,,,,,,,5957,4347,4950,5789,6360,7003,7493,8417,7973,8543,9226,9968,10516,11484,12632,14148,15138,16198,17170,18200,,,,,,,,,,,,,,,,,,,,,,,,,,,,,,,,2%,2%,2%,2%,2%,2%,2%,2%,2%,2%,2%,2%,2%,2%,2%,2%,2%,2%,2%,2%,,,,,,,,,,,,,,,,,,,,,,,,,,,,,,,,1%,1%,1%,1%,1%,1%,1%,1%,1%,1%,1%,1%,1%,1%,1%,1%,1%,1%,1%,1%,,,,,,,,,,,,,,,,,,,,,,,,,,,,,,,,,,,,,,,,,,,,,,,,,-27%,14%,17%,10%,10%,7%,12%,-5%,7%,8%,8%,5%,9%,10%,12%,7%,7%,6%,6%,,,,,,,,,,,,,,,,,,,,,-27%,14%,17%,10%,10%,7%,12%,-5%,7%,8%,8%,5%,9%,10%,12%,7%,7%,6%,6%,,,,,,,,,,,,,,,,,,,,,,,,,,,,,,,,,,,,,,,,,,,,,,,,,,,,468357,853104,,1407353,1920000,,,,,,,,,,,,,
FACE SERUM TOTAL,FACE SERUM,BLINKIT,QUICK COMMERCE,Tanu,New,Sep'26,Yes,,,,,,,,,,,,,,,,,,,,,,,,,,,,,,,,,364201,414703,484992,532822,586628,627692,705160,667921,715665,772918,835049,880977,962026,1058229,1185217,1268182,1356954,1438372,1524674,,,,,,,,,,,,,,,,,,,,,,,,,,,,,,,,,78185,89026,104116,114384,125934,134750,151380,142808,153016,157630,170301,179668,196197,215817,241715,258635,276739,293344,310944,,,,,,,,,,,,,,,,,,,,,,,,,,,,,,,,,15%,15%,15%,16%,16%,16%,16%,16%,17%,17%,17%,17%,18%,18%,18%,18%,18%,18%,18%,,,,,,,,,,,,,,,,,,,,,,,,,,,,,,,,,12%,12%,13%,13%,14%,14%,14%,14%,15%,14%,15%,15%,15%,15%,15%,15%,15%,15%,15%,,,,,,,,,,,,,,,,,,,,,,,,,,,,,,,,,,,,,,,,,,,,,,,,,,14%,17%,10%,10%,7%,12%,-5%,7%,8%,8%,6%,9%,10%,12%,7%,7%,6%,6%,,,,,,,,,,,,,,,,,,,,,,14%,17%,10%,10%,7%,12%,-6%,7%,3%,8%,6%,9%,10%,12%,7%,7%,6%,6%,,,,,,,,,,,,,,,,,,,,,,,,,,,,,,,,,,,,,,,,,,,,,,,,,,,,3716198,7677920,,12666184,17280000,,,,,,,,,,,,,
FACE SERUM TOTAL,FACE SERUM,INSTAMART,QUICK COMMERCE,Tanu,New,Sep'26,Yes,,,,,,,,,,,,,,,,,,,,,,,,,,,,,,,,,202334,230391,269440,296012,325904,348718,391756,371067,397592,429399,463916,489431,534459,587905,658454,704545,753864,799095,847041,,,,,,,,,,,,,,,,,,,,,,,,,,,,,,,,,49279,56112,65622,72094,79374,84931,95412,85855,91992,99351,107338,113241,123659,129224,144731,154862,165703,175645,186183,,,,,,,,,,,,,,,,,,,,,,,,,,,,,,,,,8%,8%,8%,9%,9%,9%,9%,9%,9%,9%,10%,10%,10%,10%,10%,10%,10%,10%,10%,,,,,,,,,,,,,,,,,,,,,,,,,,,,,,,,,7%,8%,8%,8%,9%,9%,9%,9%,9%,9%,9%,9%,10%,9%,9%,9%,9%,9%,9%,,,,,,,,,,,,,,,,,,,,,,,,,,,,,,,,,,,,,,,,,,,,,,,,,,14%,17%,10%,10%,7%,12%,-5%,7%,8%,8%,5%,9%,10%,12%,7%,7%,6%,6%,,,,,,,,,,,,,,,,,,,,,,14%,17%,10%,10%,7%,12%,-10%,7%,8%,8%,5%,9%,5%,12%,7%,7%,6%,6%,,,,,,,,,,,,,,,,,,,,,,,,,,,,,,,,,,,,,,,,,,,,,,,,,,,,2064555,4265512,,7036768,9600000,,,,,,,,,,,,,
FACE SERUM TOTAL,FACE SERUM,ZEPTO,QUICK COMMERCE,Tanu,New,Sep'26,Yes,,,,,,,,,,,,,,,,,,,,,,,,,,,,,,,,,80933,138234,161664,177607,195543,278974,313404,296854,318073,343519,371133,391545,427567,470324,526763,563636,603091,639276,677633,,,,,,,,,,,,,,,,,,,,,,,,,,,,,,,,,26237,38162,44630,49032,53983,77016,86521,78310,83907,90620,97904,103289,112791,124071,138959,148686,159094,168640,178758,,,,,,,,,,,,,,,,,,,,,,,,,,,,,,,,,3%,5%,5%,5%,5%,7%,7%,7%,7%,8%,8%,8%,8%,8%,8%,8%,8%,8%,8%,,,,,,,,,,,,,,,,,,,,,,,,,,,,,,,,,4%,5%,6%,6%,6%,8%,8%,8%,8%,8%,8%,8%,9%,9%,9%,9%,9%,9%,9%,,,,,,,,,,,,,,,,,,,,,,,,,,,,,,,,,,,,,,,,,,,,,,,,,,71%,17%,10%,10%,43%,12%,-5%,7%,8%,8%,5%,9%,10%,12%,7%,7%,6%,6%,,,,,,,,,,,,,,,,,,,,,,45%,17%,10%,10%,43%,12%,-9%,7%,8%,8%,6%,9%,10%,12%,7%,7%,6%,6%,,,,,,,,,,,,,,,,,,,,,,,,,,,,,,,,,,,,,,,,,,,,,,,,,,,,1346359,3151684,,5629414,7680000,,,,,,,,,,,,,
FACE SERUM TOTAL,FACE SERUM,RETAIL,Retail,Tanu,New,,Yes,,,,,,,,,,,,,,,,,,,,,,,,,,,,,,,,,,,,,,,,,,,,,,,,,,,,,,,,,,,,,,,,,,,,,,,,,,,,,,,,,,,,,,,,,,,,,,,,,,,,,,,,,,,,,,,,,,,,,,,,,,,,,,,,,,,,,,,,,,,,,,,,,,,,,,,,,,,,,,,,,,,,,,,,,,,,,,,,,,,,,,,,,,,,,,,,,,,,,,,,,,,,,,,,,,,,,,,,,,,,,,,,,,,,,,,,,,,,,,,,,,,,,,,,,,,,,,,,,,,,,,,,,,,,,,,,,,,,,,,,,,,,,,,,,,,,,,,,,,,,,,,,,,,,,,,,,,,,,,,,,,,,,,,,,,,,,,,,,,,,,,,,,,,,,,,,,,,,,,,,,,,,,,,,,,,,,,,,,,,
FACE SERUM TOTAL,FACE SERUM,Bigbasket,QUICK COMMERCE,Tanu,New,,Yes,,,,,,,,,,,,,,,,,,,,,,,,,,,,,,,,,,,,,,,,,,,,,,,,,,,,,,,,,,,,,,,,,,,,,,,,,,,,,,,,,,,,,,,,,,,,,,,,,,,,,,,,,,,,,,,,,,,,,,,,,,,,,,,,,,,,,,,,,,,,,,,,,,,,,,,,,,,,,,,,,,,,,,,,,,,,,,,,,,,,,,,,,,,,,,,,,,,,,,,,,,,,,,,,,,,,,,,,,,,,,,,,,,,,,,,,,,,,,,,,,,,,,,,,,,,,,,,,,,,,,,,,,,,,,,,,,,,,,,,,,,,,,,,,,,,,,,,,,,,,,,,,,,,,,,,,,,,,,,,,,,,,,,,,,,,,,,,,,,,,,,,,,,,,,,,,,,,,,,,,,,,,,,,,,,,,,,,,,,,
FACE SERUM TOTAL,FACE SERUM,Firstcry,ECOMMERCE,Tanu,New,Sep'26,Yes,,,,,,,,,,,,,,,,,,,,,,,,,,,,,,,,,80933,92156,107776,118405,130362,139487,156702,148427,159037,171760,92783,97886,106892,117581,131691,140909,150773,159819,169408,,,,,,,,,,,,,,,,,,,,,,,,,,,,,,,,,11627,13239,15483,17010,18728,20039,22512,20264,21713,23450,12667,13364,14593,16053,17979,19238,20584,21819,23128,,,,,,,,,,,,,,,,,,,,,,,,,,,,,,,,,3%,3%,3%,3%,4%,4%,4%,4%,4%,4%,2%,2%,2%,2%,2%,2%,2%,2%,2%,,,,,,,,,,,,,,,,,,,,,,,,,,,,,,,,,2%,2%,2%,2%,2%,2%,2%,2%,2%,2%,1%,1%,1%,1%,1%,1%,1%,1%,1%,,,,,,,,,,,,,,,,,,,,,,,,,,,,,,,,,,,,,,,,,,,,,,,,,,14%,17%,10%,10%,7%,12%,-5%,7%,8%,-46%,5%,9%,10%,12%,7%,7%,6%,6%,,,,,,,,,,,,,,,,,,,,,,,,,,,,,,,,,,,,,,,,,,,,,,,,,,,,,,,,,,,,,,,,,,,,,,,,,,,,,,,,,,,,,,,,,,,825821,1706204,,1646966,1920000,,,,,,,,,,,,,
FACE SERUM TOTAL,FACE SERUM,OTHERS,OTHERS,Tanu,New,Sep'26,Yes,,,,,,,,,,,,,,,,,,,,,,,,,,,,,,,,,80933,92156,107776,118405,130362,139487,156702,148427,159037,171760,185566,195773,213784,235162,263381,281818,301545,319638,338816,,,,,,,,,,,,,,,,,,,,,,,,,,,,,,,,,11627,13239,15483,17010,18728,20039,22512,20264,21713,23450,25334,26728,29187,32106,35958,38475,41168,43639,46257,,,,,,,,,,,,,,,,,,,,,,,,,,,,,,,,,3%,3%,3%,3%,4%,4%,4%,4%,4%,4%,4%,4%,4%,4%,4%,4%,4%,4%,4%,,,,,,,,,,,,,,,,,,,,,,,,,,,,,,,,,2%,2%,2%,2%,2%,2%,2%,2%,2%,2%,2%,2%,2%,2%,2%,2%,2%,2%,2%,,,,,,,,,,,,,,,,,,,,,,,,,,,,,,,,,,,,,,,,,,,,,,,,,,14%,17%,10%,10%,7%,12%,-5%,7%,8%,8%,6%,9%,10%,12%,7%,7%,6%,6%,,,,,,,,,,,,,,,,,,,,,,,,,,,,,,,,,,,,,,,,,,,,,,,,,,,,,,,,,,,,,,,,,,,,,,,,,,,,,,,,,,,,,,,,,,,825821,1706204,,2814707,3839996,,,,,,,,,,,,,
FACE SERUM TOTAL,FACE SERUM,TOTAL,TOTAL,Tanu,New,Jul'26,Yes,0,0,0,0,0,0,0,0,0,0,0,0,0,0,0,0,0,0,0,0,0,0,0,0,0,0,0,0,0,0,2196930,2328745,2468470,2764687,3179392,3433740,3715310,3975382,4309311,4081739,4293990,4551630,4824726,5090087,5344591,5879050,6584538,7045453,7538637,7990953,8470411,0,0,0,0,0,0,0,0,0,0,0,0,0,0,0,0,0,0,0,0,0,0,0,0,0,0,0,0,0,0,1135984,690970,660324,726878,797187,864246,919501,997962,1067336,1000115,1032544,1090751,1165761,1229879,1278380,1399418,1566416,1676063,1793387,1900993,2015051,,,,,,,,,,,,,,,,,,,,,,,,,,,,,,,100%,100%,100%,100%,100%,100%,100%,100%,100%,100%,100%,100%,100%,100%,100%,100%,100%,100%,100%,100%,100%,,,,,,,,,,,,,,,,,,,,,,,,,,,,,,,100%,100%,100%,100%,100%,100%,100%,100%,100%,100%,100%,100%,100%,100%,100%,100%,100%,100%,100%,100%,100%,,,,,,,,,,,,,,,,,,,,,,,,,,,,,,,,,,,,,,,,,,,,,,,,6%,6%,12%,15%,8%,8%,7%,8%,-5%,5%,6%,6%,6%,5%,10%,12%,7%,7%,6%,6%,,,,,,,,,,,,,,,,,,,,,,,,,,,,,,,,,,,,,,,,,,,,,,,,,,,,,,,,,,,,,,,,,,,,,,,,,,,,,,,,,,,,,,,1,,,1,28371967,48000012,48000000,71695805,96000004,96000000,0,0,0,0,,,,,,,,
FACE GEL TOTAL,Total Gel Moisturizers,D2C,D2C,Tanu,Existing,Jan'24,Yes,824945,894500,1090866,1137024,2005915,1780933,2086964,1944623,1759200,1683981,1766881,1635027,1249108,1900156,2521109,3615609,3133448,2074167,1501765,1417646,1242662,1201873,1099649,1011066,858290,840746,1180377,1467456,886247,961578,1044274,1106930,1173346,1314148,1511270,1632172,1766010,1889630,2048359,2425233,2551345,2704426,2866691,3024359,3175577,3493135,3912311,4186173,4479205,4747958,5032835,255145,337598,440190,494275,723753,829781,567902,970299,919576,532396,558734,661228,758568,497066,1091943,1393396,1475602,943941,1008518,124382,401091,268941,263808,167805,197537,305972,390939,653979,150896,160381,174174,184373,186460,202938,209528,231809,235664,258627,268641,255837,247609,268431,291154,307167,300674,330742,351910,376543,402901,427075,452700,82%,78%,79%,83%,86%,86%,87%,87%,83%,82%,83%,82%,77%,80%,78%,99%,99%,74%,67%,67%,59%,64%,57%,61%,57%,44%,58%,62%,62%,62%,62%,62%,62%,62%,62%,62%,62%,62%,62%,62%,62%,62%,62%,62%,62%,62%,62%,62%,62%,62%,62%,78%,87%,91%,94%,92%,93%,90%,98%,97%,96%,94%,87%,96%,81%,86%,90%,90%,80%,84%,37%,71%,55%,61%,57%,57%,66%,82%,96%,60%,60%,60%,59%,58%,57%,55%,56%,53%,54%,52%,44%,41%,42%,43%,43%,40%,40%,38%,38%,38%,38%,38%,3.2,2.6,2.5,2.3,2.8,2.1,3.7,2.0,1.9,3.2,3.2,2.5,1.6,3.8,2.3,2.6,2.1,2.2,1.5,11.4,3.1,4.5,4.2,6.0,4.3,2.7,3.0,2.2,-24%,52%,33%,43%,-13%,-34%,-28%,-6%,-12%,-3%,-9%,-8%,-15%,-2%,40%,24%,-40%,9%,9%,6%,6%,12%,15%,8%,8%,7%,8%,18%,5%,6%,6%,5%,5%,10%,12%,7%,7%,6%,6%,15%,-34%,120%,28%,6%,-36%,7%,-88%,222%,-33%,-2%,-36%,18%,55%,28%,67%,-77%,6%,9%,6%,1%,9%,3%,11%,2%,10%,4%,-5%,-3%,8%,8%,5%,-2%,10%,6%,7%,7%,6%,6%,-87%,87%,-16%,19%,-2%,34%,-82%,235%,-30%,7%,-28%,33%,57%,-13%,43%,-37%,-2%,0%,0%,-5%,-3%,-12%,3%,-7%,3%,-5%,-23%,-8%,2%,2%,0%,-7%,0%,-6%,0%,0%,0%,0%,29%,-41%,-18%,56%,-6%,0%,-49%,21470917,22681488,,19177298,14164524,,16801420,22815996,,42599248,57039992,,,,,,,,,,,,,
FACE GEL TOTAL,Total Gel Moisturizers,NYKAA,ECOMMERCE,Tanu,Existing,Jan'24,Yes,55724,80406,82660,80679,114325,88945,111429,104991,106095,107661,143078,115104,120905,182193,208138,,,,,240778,239356,,288446,251825,208669,298865,287963,275236,166224,180354,195864,207616,220073,246482,283454,306130,331233,354419,384190,454877,478530,507242,537677,567249,595611,655172,733793,785158,840120,890527,943958,,,,,,,,,,,,,,,,22834.5,32506.5,15408.5,48309.5,39468,35453,34476,70614,43011,40355,53409,36501,7623,10162,11475,12462,12312,13341,15637,18411,20369,22590,21249,24280,23122,24865,26956,29238,30846,28307,31138,34874,37315,39927,42323,44862,6%,7%,6%,6%,5%,4%,5%,5%,5%,5%,7%,6%,7%,8%,6%,0%,0%,0%,0%,11%,11%,0%,15%,15%,14%,16%,14%,12%,12%,12%,12%,12%,12%,12%,12%,12%,12%,12%,12%,12%,12%,12%,12%,12%,12%,12%,12%,12%,12%,12%,12%,0%,0%,0%,0%,0%,0%,0%,0%,0%,0%,0%,0%,0%,0%,0%,1%,2%,1%,4%,12%,6%,7%,16%,15%,12%,11%,8%,1%,4%,4%,4%,4%,4%,4%,5%,5%,5%,4%,5%,4%,4%,4%,4%,4%,4%,4%,4%,4%,4%,4%,4%,,,,,,,,,,,,,,,,,,,,6.1,6.8,,4.1,5.9,5.2,5.6,7.9,36.1,5%,51%,14%,,,,,,-1%,,,-13%,-17%,43%,-4%,-4%,-40%,9%,9%,6%,6%,12%,15%,8%,8%,7%,8%,18%,5%,6%,6%,5%,5%,10%,12%,7%,7%,6%,6%,,,,,42%,-53%,214%,-18%,-10%,-3%,105%,-39%,-6%,32%,-32%,-79%,33%,13%,9%,-1%,8%,17%,18%,11%,11%,-6%,14%,-5%,8%,8%,8%,5%,-8%,10%,12%,7%,7%,6%,6%,,,,,,,,-10%,,,-26%,11%,-11%,-28%,-75%,73%,4%,0%,-7%,2%,5%,3%,3%,3%,-13%,6%,-23%,2%,2%,2%,0%,-13%,0%,0%,0%,0%,0%,0%,,,,-53%,3%,,56%,1483542,2044942,,1815902,3455556,,3151275,4279368,,7989914,10698420,,,,,,,,,,,,,
FACE GEL TOTAL,Total Gel Moisturizers,AMAZON,ECOMMERCE,Tanu,Existing,Jan'24,Yes,110948,139854,189715,128519,171213,149076,154299,149048,192057,178042,147287,177573,199315,222624,382763,,,,,347157,499144,328346,294094,277240,303984,561571,400215,493127,297816,323131,350920,371975,394294,441609,507850,548478,593454,634995,688335,814980,857359,908801,963329,1016312,1067128,1173840,1314701,1406730,1505202,1595514,1691244,48500,43000,40500,31500,61784.5,64222.5,64000,22548,28561,21143,25291,21859,29750,113747.5,121586.5,127945.5,123173,217776,117805.5,156086,110653,173043,84186,76226,101534,92309,26239,16295,63514,67741,73567,78180,84712,93085,104117,107509,119233,130851,138830,132213,142179,142279,154323,162811,179290,197219,238741,255452,273334,289734,307118,11%,12%,14%,9%,7%,7%,6%,7%,9%,9%,7%,9%,12%,9%,12%,0%,0%,0%,0%,16%,24%,17%,15%,17%,20%,29%,20%,21%,21%,21%,21%,21%,21%,21%,21%,21%,21%,21%,21%,21%,21%,21%,21%,21%,21%,21%,21%,21%,21%,21%,21%,15%,11%,8%,6%,8%,7%,10%,2%,3%,4%,4%,3%,4%,18%,10%,8%,8%,18%,10%,46%,20%,35%,19%,26%,29%,20%,6%,2%,25%,25%,25%,25%,26%,26%,27%,26%,27%,27%,27%,23%,24%,22%,23%,23%,24%,24%,26%,26%,26%,26%,26%,2.3,3.3,4.7,4.1,2.8,2.3,2.4,6.6,6.7,8.4,5.8,8.1,6.7,2.0,3.1,,,,,2.2,4.5,1.9,3.5,3.6,3.0,6.1,15.3,30.3,12%,12%,72%,,,,,,44%,-34%,-10%,-6%,10%,85%,-29%,23%,-40%,9%,9%,6%,6%,12%,15%,8%,8%,7%,8%,18%,5%,6%,6%,5%,5%,10%,12%,7%,7%,6%,6%,36%,282%,7%,5%,-4%,77%,-46%,32%,-29%,56%,-51%,-9%,33%,-9%,-72%,-38%,290%,7%,9%,6%,8%,10%,12%,3%,11%,10%,6%,-5%,8%,0%,8%,6%,10%,10%,21%,7%,7%,6%,6%,271%,-65%,,,,,,-73%,91%,-41%,-4%,24%,-94%,-43%,-61%,329%,-2%,0%,0%,2%,-2%,-3%,-5%,3%,3%,-2%,-23%,2%,-6%,2%,0%,5%,0%,9%,0%,0%,0%,0%,,,,-69%,0%,3%,57%,2251814,3218804,,3011751,4802580,,5645984,7667136,,14315140,19167840,,,,,,,,,,,,,
FACE GEL TOTAL,Total Gel Moisturizers,FLIPKART,ECOMMERCE,Tanu,Existing,Jan'24,Yes,11305,13592,9938,14481,18665,14725,13948,14725,18836,25451,14956,11964,21607,22946,28259,,,,,13916,27521,25342,19999,50146,27581,42805,68526,41602,25125,27260,29605,31381,33264,37256,42844,46272,50066,53571,58070,68755,72330,76670,81270,85740,90027,99029,110913,118677,126984,134603,142680,25000,6000,3000,,,,,,40,,,,,2002,,,585,2935,3786,,,,6,,,,3274,2530,13587,15344,16664,18816,20388,23896,28135,31127,34522,37885,43287,41224,44332,48059,52128,54995,57533,63287,70881,75843,81152,86021,91182,1%,1%,1%,1%,1%,1%,1%,1%,1%,1%,1%,1%,1%,1%,1%,0%,0%,0%,0%,1%,1%,1%,1%,3%,2%,2%,3%,2%,2%,2%,2%,2%,2%,2%,2%,2%,2%,2%,2%,2%,2%,2%,2%,2%,2%,2%,2%,2%,2%,2%,2%,8%,2%,1%,0%,0%,0%,0%,0%,0%,0%,0%,0%,0%,0%,0%,0%,0%,0%,0%,0%,0%,0%,0%,0%,0%,0%,1%,0%,5%,6%,6%,6%,6%,7%,7%,7%,8%,8%,8%,7%,7%,8%,8%,8%,8%,8%,8%,8%,8%,8%,8%,0.5,2.3,3.3,,,,,,470.9,,,,,11.5,,,,,,,,,3333.2,,,,20.9,16.4,81%,6%,23%,,,,,,98%,-8%,-21%,151%,-45%,55%,60%,-39%,-40%,8%,9%,6%,6%,12%,15%,8%,8%,7%,8%,18%,5%,6%,6%,6%,5%,10%,12%,7%,7%,6%,6%,,,,,,402%,29%,,,,,,,,,-23%,437%,13%,9%,13%,8%,17%,18%,11%,11%,10%,14%,-5%,8%,8%,8%,5%,5%,10%,12%,7%,7%,6%,6%,,,,,,,,,,,,,,,17%,477%,4%,0%,7%,2%,5%,3%,3%,3%,3%,6%,-23%,2%,2%,2%,0%,0%,0%,0%,0%,0%,0%,0%,,,,,8%,18%,91%,220560,291244,,275836,822312,,476316,646828,,1207678,1617068,,,,,,,,,,,,,
FACE GEL TOTAL,Total Gel Moisturizers,MYNTRA,ECOMMERCE,Tanu,Existing,Jan'25,Yes,,,,,,,,,,,,,25829,,,,,,,53569,42248,36764,27705,38828,38290,33268,39401,44317,26765,29040,31537,33429,35435,39687,45640,49291,53333,57067,61860,73242,77050,81673,86574,91335,95902,105492,118151,126422,135271,143388,151991,,,,,,,,,,3397,13341.5,9234.5,,3888,5992,6928,5812,7042,23560,15868,15997,16924,13377,6707,9717,13410,18591,8,1844,2083,2262,2554,2767,3243,3819,4225,4686,5142,5875,5595,6017,6523,7075,7464,8220,9042,10127,10836,11594,12290,13027,0%,0%,0%,0%,0%,0%,0%,0%,0%,0%,0%,0%,2%,0%,0%,0%,0%,0%,0%,3%,2%,2%,1%,2%,3%,2%,2%,2%,2%,2%,2%,2%,2%,2%,2%,2%,2%,2%,2%,2%,2%,2%,2%,2%,2%,2%,2%,2%,2%,2%,2%,0%,0%,0%,0%,0%,0%,0%,0%,0%,1%,2%,1%,0%,1%,0%,0%,0%,1%,2%,5%,3%,3%,3%,2%,3%,3%,4%,0%,1%,1%,1%,1%,1%,1%,1%,1%,1%,1%,1%,1%,1%,1%,1%,1%,1%,1%,1%,1%,1%,1%,1%,,,,,,,,,,,,,,,,,,,,3.4,2.6,2.2,2.1,5.8,3.9,2.5,2.1,5539.6,,,,,,,,,-21%,-13%,-25%,40%,-1%,-13%,18%,12%,-40%,8%,9%,6%,6%,12%,15%,8%,8%,7%,8%,18%,5%,6%,6%,5%,5%,10%,12%,7%,7%,6%,6%,,,54%,16%,-16%,21%,235%,-33%,1%,6%,-21%,-50%,45%,38%,39%,-100%,22950%,13%,9%,13%,8%,17%,18%,11%,11%,10%,14%,-5%,8%,8%,8%,5%,10%,10%,12%,7%,7%,6%,6%,,,,,,,,22%,19%,4%,-90%,46%,51%,20%,-112%,22990%,4%,0%,7%,2%,5%,3%,3%,3%,3%,6%,-23%,2%,2%,2%,0%,5%,0%,0%,0%,0%,0%,0%,,,,-98%,,1%,330%,25829,103316,,310073,472812,,507401,689040,,1286491,1722600,,,,,,,,,,,,,
FACE GEL TOTAL,Total Gel Moisturizers,BLINKIT,QUICK COMMERCE,Tanu,Existing,,Yes,,,,,,,,,,,,,,,,,,,,,,,,,,,,,,,,,,,,,,,,,,,,,,,,,,,,,,,,,,,,,,,,,,,,,,,,,,,,,,,,,,,,,,,,,,,100220,107774,111444,120878,127527,140435,154478,173016,185127,198086,209971,222569,0%,0%,0%,0%,0%,0%,0%,0%,0%,0%,0%,0%,0%,0%,0%,0%,0%,0%,0%,0%,0%,0%,0%,0%,0%,0%,0%,0%,0%,0%,0%,0%,0%,0%,0%,0%,0%,0%,0%,0%,0%,0%,0%,0%,0%,0%,0%,0%,0%,0%,0%,0%,0%,0%,0%,0%,0%,0%,0%,0%,0%,0%,0%,0%,0%,0%,0%,0%,0%,0%,0%,0%,0%,0%,0%,0%,0%,0%,0%,0%,0%,0%,0%,0%,0%,0%,0%,0%,0%,0%,17%,18%,17%,18%,18%,19%,19%,19%,19%,19%,19%,19%,,,,,,,,,,,,,,,,,,,,,,,,,,,,,,,,,,,,,,,,,,,,,,,,,,,,,,,,,,,,,,,,,,,,,,,,,,,,,,,,,,,,,,,,,,,,,,,,8%,3%,8%,6%,10%,10%,12%,7%,7%,6%,6%,,,,,,,,,,,,,,,,,,,,,,,,,,,,,,,,,,,,,,,,,,,,,,,,,,,,,,,,,,,,,,,,,,,,,
FACE GEL TOTAL,Total Gel Moisturizers,INSTAMART,QUICK COMMERCE,Tanu,Existing,,Yes,,,,,,,,,,,,,,,,,,,,,,,,,,,,,,,,,,,,,,,,,,,,,,,,,,,,,,,,,,,,,,,,,,,,,,,,,,,,,,,,,,,,,,,,,,,,,,,,,,,,,,,0%,0%,0%,0%,0%,0%,0%,0%,0%,0%,0%,0%,0%,0%,0%,0%,0%,0%,0%,0%,0%,0%,0%,0%,0%,0%,0%,0%,0%,0%,0%,0%,0%,0%,0%,0%,0%,0%,0%,0%,0%,0%,0%,0%,0%,0%,0%,0%,0%,0%,0%,0%,0%,0%,0%,0%,0%,0%,0%,0%,0%,0%,0%,0%,0%,0%,0%,0%,0%,0%,0%,0%,0%,0%,0%,0%,0%,0%,0%,0%,0%,0%,0%,0%,0%,0%,0%,0%,0%,0%,0%,0%,0%,0%,0%,0%,0%,0%,0%,0%,0%,0%,,,,,,,,,,,,,,,,,,,,,,,,,,,,,,,,,,,,,,,,,,,,,,,,,,,,,,,,,,,,,,,,,,,,,,,,,,,,,,,,,,,,,,,,,,,,,,,,,,,,,,,,,,,,,,,,,,,,,,,,,,,,,,,,,,,,,,,,,,,,,,,,,,,,,,,,,,,,,,,,,,,,,,,,,,,,,,,
FACE GEL TOTAL,Total Gel Moisturizers,ZEPTO,QUICK COMMERCE,Tanu,Existing,,Yes,,,,,,,,,,,,,,,,,,,,,,,,,,,,,,,,,,,,,,,,,,,,,,,,,,,,,,,,,,,,,,,,,,,,,,,,,,,,,,,,,,,,,,,,,,,,,,,,,,,,,,,0%,0%,0%,0%,0%,0%,0%,0%,0%,0%,0%,0%,0%,0%,0%,0%,0%,0%,0%,0%,0%,0%,0%,0%,0%,0%,0%,0%,0%,0%,0%,0%,0%,0%,0%,0%,0%,0%,0%,0%,0%,0%,0%,0%,0%,0%,0%,0%,0%,0%,0%,0%,0%,0%,0%,0%,0%,0%,0%,0%,0%,0%,0%,0%,0%,0%,0%,0%,0%,0%,0%,0%,0%,0%,0%,0%,0%,0%,0%,0%,0%,0%,0%,0%,0%,0%,0%,0%,0%,0%,0%,0%,0%,0%,0%,0%,0%,0%,0%,0%,0%,0%,,,,,,,,,,,,,,,,,,,,,,,,,,,,,,,,,,,,,,,,,,,,,,,,,,,,,,,,,,,,,,,,,,,,,,,,,,,,,,,,,,,,,,,,,,,,,,,,,,,,,,,,,,,,,,,,,,,,,,,,,,,,,,,,,,,,,,,,,,,,,,,,,,,,,,,,,,,,,,,,,,,,,,,,,,,,,,,
FACE GEL TOTAL,Total Gel Moisturizers,RETAIL,Retail,Tanu,Existing,,Yes,,,,,,,,,,,,,,,,,,,,,,,,,,,,,,,,,,,,,,,,,,,,,,,,,,,,,,,,,,,,,,,,,,,,,,,,,,,,,,,,,,,,,,,,,,,,,,,,,,,,,,,0%,0%,0%,0%,0%,0%,0%,0%,0%,0%,0%,0%,0%,0%,0%,0%,0%,0%,0%,0%,0%,0%,0%,0%,0%,0%,0%,0%,0%,0%,0%,0%,0%,0%,0%,0%,0%,0%,0%,0%,0%,0%,0%,0%,0%,0%,0%,0%,0%,0%,0%,0%,0%,0%,0%,0%,0%,0%,0%,0%,0%,0%,0%,0%,0%,0%,0%,0%,0%,0%,0%,0%,0%,0%,0%,0%,0%,0%,0%,0%,0%,0%,0%,0%,0%,0%,0%,0%,0%,0%,0%,0%,0%,0%,0%,0%,0%,0%,0%,0%,0%,0%,,,,,,,,,,,,,,,,,,,,,,,,,,,,,,,,,,,,,,,,,,,,,,,,,,,,,,,,,,,,,,,,,,,,,,,,,,,,,,,,,,,,,,,,,,,,,,,,,,,,,,,,,,,,,,,,,,,,,,,,,,,,,,,,,,,,,,,,,,,,,,,,,,,,,,,,,,,,,,,,,,,,,,,,,,,,,,,
FACE GEL TOTAL,Total Gel Moisturizers,Bigbasket,QUICK COMMERCE,Tanu,Existing,,Yes,,,,,,,,,,,,,,,,,,,,,,,,,,,,,,,,,,,,,,,,,,,,,,,,,,,,,,,,,,,,,,,,,,,,,,,,,,,,,,,,,,,,,,,,,,,,,,,,,,,,,,,0%,0%,0%,0%,0%,0%,0%,0%,0%,0%,0%,0%,0%,0%,0%,0%,0%,0%,0%,0%,0%,0%,0%,0%,0%,0%,0%,0%,0%,0%,0%,0%,0%,0%,0%,0%,0%,0%,0%,0%,0%,0%,0%,0%,0%,0%,0%,0%,0%,0%,0%,0%,0%,0%,0%,0%,0%,0%,0%,0%,0%,0%,0%,0%,0%,0%,0%,0%,0%,0%,0%,0%,0%,0%,0%,0%,0%,0%,0%,0%,0%,0%,0%,0%,0%,0%,0%,0%,0%,0%,0%,0%,0%,0%,0%,0%,0%,0%,0%,0%,0%,0%,,,,,,,,,,,,,,,,,,,,,,,,,,,,,,,,,,,,,,,,,,,,,,,,,,,,,,,,,,,,,,,,,,,,,,,,,,,,,,,,,,,,,,,,,,,,,,,,,,,,,,,,,,,,,,,,,,,,,,,,,,,,,,,,,,,,,,,,,,,,,,,,,,,,,,,,,,,,,,,,,,,,,,,,,,,,,,,
FACE GEL TOTAL,Total Gel Moisturizers,Firstcry,ECOMMERCE,Tanu,Existing,Jan'25,Yes,,,,,,,,,,,,,8972,,,25750,19896,14079,27269,43114,50358,39822,48461,25687,41898,28815,44261,49533,29915,32457,35249,37364,39606,44358,51012,55093,59610,63783,69141,81862,86119,91286,96763,102085,107189,117908,132057,141301,151193,160264,169880,,,,,,,,,,,,,,,,,,,,,,,,,,,,,4932,5570,6049,6830,7401,8674,10213,11299,12531,13752,15713,14221,15293,16579,8991,9486,10446,11490,12869,13770,14734,15618,16555,0%,0%,0%,0%,0%,0%,0%,0%,0%,0%,0%,0%,1%,0%,0%,1%,1%,0%,1%,2%,2%,2%,3%,2%,3%,2%,2%,2%,2%,2%,2%,2%,2%,2%,2%,2%,2%,2%,2%,2%,2%,2%,2%,2%,2%,2%,2%,2%,2%,2%,2%,0%,0%,0%,0%,0%,0%,0%,0%,0%,0%,0%,0%,0%,0%,0%,0%,0%,0%,0%,0%,0%,0%,0%,0%,0%,0%,0%,0%,2%,2%,2%,2%,2%,2%,3%,3%,3%,3%,3%,2%,3%,3%,1%,1%,1%,1%,1%,1%,1%,1%,1%,,,,,,,,,,,,,,,,,,,,,,,,,,,,,,,,,-23%,-29%,94%,58%,17%,-21%,22%,-47%,63%,-31%,54%,12%,-40%,8%,9%,6%,6%,12%,15%,8%,8%,7%,8%,18%,5%,6%,6%,6%,5%,10%,12%,7%,7%,6%,6%,,,,,,,,,,,,,,,,,,13%,9%,13%,8%,17%,18%,11%,11%,10%,14%,-9%,8%,8%,-46%,6%,10%,10%,12%,7%,7%,6%,6%,,,,,,,,,,,,,,,,,4%,0%,7%,2%,5%,3%,3%,3%,3%,6%,-28%,2%,2%,-52%,0%,5%,0%,0%,0%,0%,0%,0%,25%,40%,-3%,,,2%,1181%,8972,35888,,409411,531137,,567121,770136,,1437907,1925348,,,,,,,,,,,,,
FACE GEL TOTAL,Total Gel Moisturizers,OTHERS,OTHERS,Tanu,Existing,Jan'24,Yes,7217,11794,13322,13374,19154,39586,30083,24625,42455,46940,45702,45781,,53468,71906,,,732934,708334,9092,6337,251400,151440,4826,20721,106113,27507,,,,,,,,,,,,,,,,,,,,,,,,,,,,,,,,,,,,65551.5,,,54408,,,,,,,,,,1,,,1,4932,5570,6049,6830,7401,8674,10213,11299,12531,13752,15713,14221,15293,16579,17982,18971,20891,22981,25738,27540,29468,31236,33110,1%,1%,1%,1%,1%,2%,1%,1%,2%,2%,2%,2%,0%,2%,2%,0%,0%,26%,32%,0%,0%,13%,8%,0%,1%,6%,1%,0%,0%,0%,0%,0%,0%,0%,0%,0%,0%,0%,0%,0%,0%,0%,0%,0%,0%,0%,0%,0%,0%,0%,0%,0%,0%,0%,0%,0%,0%,0%,0%,0%,0%,0%,9%,0%,0%,4%,0%,0%,0%,0%,0%,0%,0%,0%,0%,0%,0%,0%,0%,2%,2%,2%,2%,2%,2%,3%,3%,3%,3%,3%,2%,3%,3%,3%,3%,3%,3%,3%,3%,3%,3%,3%,,,,,,,,,,,,0.7,,,1.3,,,,,,,,,,20721.4,,,,,,34%,,,,-3%,-99%,-30%,3867%,-40%,-97%,329%,412%,-74%,,,,,,,,,,,,,,,,,,,,,,,,,,,,,,,,,,,,,,,,,493100%,13%,9%,13%,8%,17%,18%,11%,11%,10%,14%,-9%,8%,8%,8%,5%,10%,10%,12%,7%,7%,6%,6%,,,,,,,,,,,,,,,,,,,,,,,,,,,,,,,,,,,,,,,,,-92%,,-8%,-31%,23%,433073,501496,,2018704,330079,,,,,,,,,,,,,,,,,,,
FACE GEL TOTAL,Total Gel Moisturizers,TOTAL,TOTAL,Tanu,Existing,Jan'24,Yes,1010137,1140145,1386500,1374077,2329271,2073264,2396722,2238012,2118643,2042075,2117903,1985448,1625735,2381385,3212174,3641359,3153344,2821180,2237368,2125272,2107626,1883547,1929794,1659618,1499433,1912183,2048250,2371271,1432092,1553820,1687449,1788695,1896018,2123540,2442070,2637436,2853706,3053465,3309955,3918949,4122733,4370098,4632304,4887080,5131434,5644576,6321926,6764461,7237975,7672254,8132588,328645,386598,483690,525775,785537.5,894003.5,631902,992847,948177,556936,597366.5,757873,788318,616703.5,1273929.5,1551104,1637678.5,1187102.5,1201979,335804,563194,493384,431991,293749,349144,465100,475544,680436,249867,268164,291227,309895,322470,356147,384436,417637,441757,481258,512339,586653,603362,636850,681769,719267,745796,820377,918156,982426,1051196,1114268,1181123,100%,100%,100%,100%,100%,100%,100%,100%,100%,100%,100%,100%,100%,100%,100%,100%,100%,100%,100%,100%,100%,100%,100%,100%,100%,100%,100%,100%,100%,100%,100%,100%,100%,100%,100%,100%,100%,100%,100%,100%,100%,100%,100%,100%,100%,100%,100%,100%,100%,100%,100%,100%,100%,100%,100%,100%,100%,100%,100%,100%,100%,100%,100%,100%,100%,100%,100%,100%,100%,100%,100%,100%,100%,100%,100%,100%,100%,100%,100%,100%,100%,100%,100%,100%,100%,100%,100%,100%,100%,100%,100%,100%,100%,100%,100%,100%,100%,100%,100%,100%,100%,100%,3.1,2.9,2.9,2.6,3.0,2.3,3.8,2.3,2.2,3.7,3.5,2.6,2.1,3.9,2.5,2.3,1.9,2.4,1.9,6.3,3.7,3.8,4.5,5.6,4.3,4.1,4.3,3.5,-18%,46%,35%,13%,-13%,-11%,-21%,-5%,-1%,-11%,2%,-14%,-10%,28%,7%,16%,-40%,9%,9%,6%,6%,12%,15%,8%,8%,7%,8%,18%,5%,6%,6%,5%,5%,10%,12%,7%,7%,6%,6%,4%,-22%,107%,22%,6%,-28%,1%,-72%,68%,-12%,-12%,-32%,19%,33%,2%,43%,-63%,7%,9%,6%,4%,10%,8%,9%,6%,9%,6%,15%,3%,6%,7%,6%,4%,10%,12%,7%,7%,6%,6%,-68%,72%,8%,19%,-17%,22%,-67%,69%,-2%,-15%,-18%,29%,6%,-5%,27%,-24%,-1%,0%,0%,-2%,-2%,-7%,1%,-2%,2%,-2%,-4%,-2%,0%,1%,0%,-1%,0%,0%,0%,0%,0%,0%,32%,-24%,-14%,17%,-4%,1%,-24%,25894706,28877178,37947485,27018974,24579000,24579004,27149517,36868504,36868506,68836378,92171268,92171266,,,,,,,,,,,,