id,created_at,customer_id,product_category,product_variant,age,skin_type,hair_type,NPS Score For Brand,NPS Score For Product,Brand Customer Migrated From,What do you like about Nat Habit,What do you not like about Nat Habit,Like Product,Not like Product
273495,"Aug 27, 2025, 16:16",2753244,Active Gel,Active Orange Kiwi Vit-C Gel,39,Combination,Dry scalp & Frizzy hair,10,10,Nat Habit is my first!,,,Good moisturiser for skin|Purity of ingredients- natural and unadulterated|Effectively targets my concerns|Provides good hydration to skin|Good texture & lightweight on skin,No complaints- love the product!
273359,"Aug 27, 2025, 16:16",3404505,Active Gel,Active Neem TeaTree Gel,23,Combination,Straight hair,9,10,Nat Habit is my first!,,,Good moisturiser for skin|Good texture & lightweight on skin|Provides good hydration to skin|Effectively targets my concerns|Purity of ingredients- natural and unadulterated,No complaints- love the product!
269476,"Aug 23, 2025, 14:50",2975040,Active Gel,"Active Orange Kiwi Vit-C Gel x 2, Active Orange Kiwi Vit-C Gel",45,Normal,Straight hair,10,10,Lakme,,,Purity of ingredients- natural and unadulterated,No complaints- love the product!
265680,"Aug 20, 2025, 16:41",4118222,Active Gel,Active Orange Kiwi Vit-C Gel,43,Combination,Curly / Wavy hair,10,10,Dot and Key,,,Provides good hydration to skin,No complaints- love the product!
256796,"Aug 14, 2025, 16:03",4278173,Active Gel,"Active Neem TeaTree Gel, Active Orange Kiwi Vit-C Gel",20,Oily,Straight hair|Oily scalp,10,10,Nat Habit is my first!,,,Effectively targets my concerns|Provides good hydration to skin|Good texture & lightweight on skin|Good moisturiser for skin|Purity of ingredients- natural and unadulterated,No complaints- love the product!
277513,"Aug 30, 2025, 12:30",4351628,Active Gel,Active Aloe Cactus Hydra Lift Gel,45,Normal,Normal|Straight hair,9,9,Mamaearth,,,Provides good hydration to skin,Product is expensive
273712,"Aug 27, 2025, 16:16",3016872,Active Gel,Active Orange Kiwi Vit-C Gel,37,Dry,Normal,9,9,Emolliene,,,Good texture & lightweight on skin|Good moisturiser for skin|Purity of ingredients- natural and unadulterated,No complaints- love the product!
261231,"Aug 18, 2025, 18:41",1899106,Active Gel,Active Orange Kiwi Vit-C Gel,43,Combination,Curly / Wavy hair,9,8,ponds,,,Purity of ingredients- natural and unadulterated|Good moisturiser for skin,No complaints- love the product!
245509,"Aug 1, 2025, 13:44",1445282,Active Gel,Active Aloe Cactus Hydra Lift Gel,35,Oily,Curly / Wavy hair,10,8,Nat Habit is my first!,,,Purity of ingredients- natural and unadulterated,A mild smell
277200,"Aug 30, 2025, 12:30",4469042,Baby Maahu,Winter Baby Maahu (Balamool Sunthi) - 100 ml,30,Normal,Oily scalp|Dry scalp & Frizzy hair|Dry & Damaged,9,10,Mom's co,,,Good value for money|High purity- made of only natural good quality ingredients|Good for baby massage,No complaints- love the product!
277745,"Aug 30, 2025, 12:30",4756679,Baby Powder,Raw + Shwet Baby Powder,33,Oily,Oily scalp,10,10,Ponds,,,"Good value for money|Product is talc-free, asbestos-free & menthol free|Made of pure & natural good quality ingredients|Effective for baby's rashes",Does not spread & flow well
247053,"Aug 4, 2025, 17:04",4646082,Baby Scalp Oil,"Brahmi Winter Baby Scalp Oil - 110 ml, Brahmi Summer Baby Scalp Oil - 110 ml",35,Combination,Oily scalp,10,10,Jomemay,,,Is effective and gives good results|High purity- free of liquid paraffin and mineral oils,Product is too expensive
246085,"Aug 2, 2025, 15:04",1704300,Baby Scalp Oil,Brahmi Summer Baby Scalp Oil - 110 ml,45,Dry,Curly / Wavy hair|Dry & Damaged|Coloured,9,10,Himalaya,,,Ayurvedic preparation|Suits baby's skin & safe to apply|High purity- free of liquid paraffin and mineral oils,Little expensive
277491,"Aug 30, 2025, 12:30",4763255,Baby Scalp Oil,Brahmi Summer Baby Scalp Oil - 110 ml,35,Dry,Oily scalp,7,8,Mother Sparsh,,,Ayurvedic preparation,Product is too expensive
263812,"Aug 19, 2025, 12:24",4716456,Baby Scalp Oil,Brahmi Winter Baby Scalp Oil - 110 ml,31,Normal,Dry scalp & Frizzy hair,8,8,Normal coconut oil,,,Suits baby's skin & safe to apply,No complaints- love the product!
255754,"Aug 12, 2025, 13:55",4255104,Baby Scalp Oil,Brahmi Summer Baby Scalp Oil - 110 ml,42,Combination,Oily scalp|Curly / Wavy hair,9,7,Mamaearth,,,Ayurvedic preparation|High purity- free of liquid paraffin and mineral oils,Product is too expensive|No complaints- love the product!
257586,"Aug 14, 2025, 16:04",4641035,Bath,"Masoor Bath Ubtan - Pack of 3, Masoor Rub Bath Ubtan + Wild Turmeric Bath Ubtan",62,Combination,Oily scalp,10,10,Nat Habit is my first!,,,Skin feels refreshed post wash,Do not like pouch packaging
249633,"Aug 7, 2025, 16:02",1257279,Bath,Turmeric Bath Ubtan - Pack of 3,40,Normal,Normal,10,10,Mamaearth,,,Skin feels refreshed post wash,No complaints- love the product!
251101,"Aug 8, 2025, 11:23",1522778,Bath,Moong Bath Ubtan - Pack of 3,41,Sensitive,Curly / Wavy hair|Oily scalp|Dry scalp & Frizzy hair,9,9,Nat Habit is my first!,,,Made of all-natural good quality ingredients|Skin feels refreshed post wash,No complaints- love the product!
273582,"Aug 27, 2025, 16:16",4754122,Comb,Neem Comb - Bounce,32,Oily,Straight hair,10,10,Nat Habit is my first!,,,Good value for money,Very good product
268121,"Aug 22, 2025, 13:42",4732761,Comb,"Neem Comb - Wide Tooth, Neem Comb - Dual Tooth",24,Combination,Curly / Wavy hair|Dry scalp & Frizzy hair,10,10,Non-Branded,,,Good for untangling hair knots|Good value for money,No complaints- love the product!
267497,"Aug 22, 2025, 13:41",4742118,Comb,Neem Comb - Shampoo Small,54,Combination,Curly / Wavy hair,10,10,Non-Branded,,,Leaves hair frizz free|Good for untangling hair knots|Made of oil treated pure neem wood|Good value for money,No complaints- love the product!
264231,"Aug 19, 2025, 12:24",4343085,Comb,"Neem Comb - Dual Tooth, Neem Comb - Fine Tooth",36,Oily,Oily scalp,9,10,Non-Branded,,,Good for untangling hair knots|Leaves hair frizz free|Made of oil treated pure neem wood|Good value for money,No complaints- love the product!
258967,"Aug 15, 2025, 17:30",4678224,Comb,Neem Comb - Dual Tooth,54,Normal,Normal,10,10,Agaro,,,Leaves hair frizz free,Product is too expensive
251090,"Aug 8, 2025, 11:23",3399413,Comb,Wide Tooth Bounce Kacchi Neem Comb x 2,20,Combination,Curly / Wavy hair|Oily scalp|Dry & Damaged,7,10,Non-Branded,,,Good for untangling hair knots|Leaves hair frizz free|Made of oil treated pure neem wood,Product is too expensive
249610,"Aug 7, 2025, 16:02",2008686,Comb,"Neem Comb - Dual Tooth, Neem Comb - Fine Tooth",20,Normal,Dry scalp & Frizzy hair|Dry & Damaged,10,10,Vega,,,Leaves hair frizz free|Made of oil treated pure neem wood|Good value for money,No complaints- love the product!
250644,"Aug 8, 2025, 11:23",4669366,Comb,Neem Comb - Dual Tooth,37,Combination,Straight hair,9,9,Non-Branded,,,Good for untangling hair knots|Made of oil treated pure neem wood,Product is too expensive
276216,"Aug 28, 2025, 17:18",4751433,Comb,Neem Comb - Dual Tooth,40,Normal,Straight hair,8,8,Lily,,,Good for untangling hair knots|Leaves hair frizz free|Good value for money,No complaints- love the product!
252779,"Aug 10, 2025, 10:47",4653098,Comb,Neem Comb - Wide Tooth,23,Combination,Straight hair,9,8,Nat Habit is my first!,,,Good for untangling hair knots,No complaints- love the product!
275441,"Aug 28, 2025, 17:17",4756813,Comb,"Neem Comb - Bounce, Neem Comb - Fine Tooth",52,Dry,Dry scalp & Frizzy hair,4,7,Non-Branded,,,Good for untangling hair knots,Bristles are sharp and hurt my scalp
254888,"Aug 12, 2025, 13:54",4582822,Comb,Neem Comb - Dual Tooth,47,Sensitive,Coloured|Curly / Wavy hair|Dry & Damaged,7,5,Vega,,,Good for untangling hair knots,You can detangle your hair bot not completely and can't give your hair complete look.
277646,"Aug 30, 2025, 12:30",1054861,Face Malai,Cocoa Mogra (Overnight) Face Malai - FREE,53,Combination,Straight hair,9,10,Cetaphil,,,Effectively targets my skin concern,No complaints- love the product!
277550,"Aug 30, 2025, 12:30",4761866,Face Malai,Cocoa Mogra (Overnight) Face Malai - 50g,47,Normal,Oily scalp,10,10,Nivea,,,Feels lightweight on skin|Easy to apply & absorbs quickly,No complaints- love the product!
277395,"Aug 30, 2025, 12:30",4744882,Face Malai,"Tomato Vetiver (Hot Humid) 20 - 35 Yrs Face Malai, Flax Carrot (Hot Humid) 35+ Face Malai - 30g + Cocoa Mogra (Overnight) Face Malai - 30g",55,Normal,Curly / Wavy hair|Coloured|Frizzy,10,10,Assorted,,,Feels lightweight on skin|Made of natural ingredients like rich butters and fresh aloe vera|Gives long lasting moisturisation|Easy to apply & absorbs quickly,No complaints- love the product!
274724,"Aug 27, 2025, 16:17",3496463,Face Malai,GreenApple Tulsi (Hot Humid) 13 - 19 Yrs Face Malai,18,Dry,Curly / Wavy hair,9,10,Nat Habit is my first!,,,Gives long lasting moisturisation,No complaints- love the product!
266085,"Aug 21, 2025, 18:22",2443008,Face Malai,Flax Carrot (Hot Humid) 35+ Face Malai - 30g,63,Normal,Straight hair,10,10,Lakme,,,Made of natural ingredients like rich butters and fresh aloe vera,Skin feels stretched & tight post use
264716,"Aug 20, 2025, 16:40",2116629,Face Malai,"Flax Walnut (Cold) 35+ Face Malai, Winter Blackseed Tulsi (Cold) 13 - 19 Yrs Face Malai",45,Combination,Normal,10,10,Ponds,,,Made of natural ingredients like rich butters and fresh aloe vera|Effectively targets my skin concern|Feels lightweight on skin|Easy to apply & absorbs quickly,No complaints- love the product!
246683,"Aug 4, 2025, 17:04",708819,Face Malai,"Cocoa Mogra (Overnight) Face Malai - 30g, Turmeric Nutmeg (Pigmentation)  Face Malai - 30g",61,Dry,Straight hair|Coloured,10,10,Nat Habit is my first!,,,Gives long lasting moisturisation,Skin feels stretched & tight post use
245081,"Aug 1, 2025, 13:44",3350642,Face Malai,Cocoa Mogra (Overnight) Face Malai - 50g,45,Dry,Very thin hair,10,10,Lakme,,,Feels lightweight on skin,Product is too expensive
275838,"Aug 28, 2025, 17:18",4754658,Face Malai,Clove Tea-Tree (Anti-Acne) Face Malai,22,Oily,Straight hair|Oily scalp,8,9,Dove,,,Gives long lasting moisturisation|Made of natural ingredients like rich butters and fresh aloe vera|Easy to apply & absorbs quickly,Product is too expensive
262211,"Aug 18, 2025, 18:42",4035061,Face Malai,Turmeric Nutmeg (Pigmentation)  Face Malai - 30g,47,Combination,Curly / Wavy hair,10,9,Lotus,,,Gives long lasting moisturisation|Made of natural ingredients like rich butters and fresh aloe vera,Skin feels stretched & tight post use
250637,"Aug 8, 2025, 11:23",4571409,Face Malai,Cocoa Mogra (Overnight) Face Malai - 30g,26,Dry,Dry scalp & Frizzy hair,9,9,Pilgrim,,,Gives long lasting moisturisation,No complaints- love the product!
248933,"Aug 6, 2025, 12:35",4644823,Face Malai,Turmeric Nutmeg (Pigmentation)  Face Malai - 30g,35,Sensitive,Curly / Wavy hair|Dry scalp & Frizzy hair,9,9,Lotus,,,Gives long lasting moisturisation|Feels lightweight on skin|Easy to apply & absorbs quickly,No complaints- love the product!
248021,"Aug 6, 2025, 12:34",4663283,Face Malai,Flax Bakuchi (Hot Dry) 35+ Face Malai - 30g,38,Combination,Straight hair|Dry scalp & Frizzy hair|Dry & Damaged,8,9,Ponds,,,Easy to apply & absorbs quickly|Gives long lasting moisturisation|Feels lightweight on skin,No complaints- love the product!
277511,"Aug 30, 2025, 12:30",555103,Face Malai,Clove Tea-Tree (Anti-Acne) Face Malai,49,Combination,Dry scalp & Frizzy hair,8,8,Cetaphil,,,Gives long lasting moisturisation|Easy to apply & absorbs quickly,Product is too expensive
275027,"Aug 28, 2025, 17:17",4294661,Face Malai,Flax Bakuchi (Hot Dry) 35+ Face Malai - 30g + Cocoa Mogra (Overnight) Face Malai - 30g,56,Combination,Straight hair|Oily scalp,10,8,Himalaya,,,Made of natural ingredients like rich butters and fresh aloe vera|Easy to apply & absorbs quickly|Feels lightweight on skin|Gives long lasting moisturisation,Product is too expensive
265797,"Aug 20, 2025, 16:41",4163214,Face Malai,Flax Bakuchi (Hot Dry) 35+ Face Malai - 30g,38,Combination,Dry scalp & Frizzy hair|Dry & Damaged,10,8,Cetaphil,,,Gives long lasting moisturisation|Made of natural ingredients like rich butters and fresh aloe vera|Easy to apply & absorbs quickly,Lil oily
244779,"Aug 1, 2025, 13:43",1805470,Face Malai,Flax Walnut (Cold) 35+ Face Malai - 30g + Cocoa Mogra (Overnight) Face Malai - 30g,40,Combination,Dry scalp & Frizzy hair|Dry & Damaged,8,8,Nat Habit is my first!,,,Easy to apply & absorbs quickly|Gives long lasting moisturisation,Product is too expensive|Skin feels stretched & tight post use|Since my skin tone is brown it gives dull.look once applied ... but skin is good
247585,"Aug 4, 2025, 17:05",3906448,Face Malai,Cocoa Mogra (Overnight) Face Malai - 30g,42,Oily,Normal,10,7,Vaseline,,,Easy to apply & absorbs quickly,No complaints- love the product!
254538,"Aug 12, 2025, 13:54",369008,Face Malai,Flax Walnut (Cold) 35+ Face Malai,75,Dry,Curly / Wavy hair,10,3,Ponds,,,,Does not give long lasting moisturisation
263583,"Aug 19, 2025, 12:24",295397,Face Malai,Flax Carrot (Hot Humid) 35+ Face Malai - 30g,38,Combination,Oily scalp,1,1,Nat Habit is my first!,,,,Does not absorb well- skin feels greasy post use
277309,"Aug 30, 2025, 12:30",959371,Facial Oil,"Saffron Tuberose Mukhalaya 30 ml, Lotus Marula Mukhalaya 30 ml",37,Normal,Straight hair|Normal,10,10,Nat Habit is my first!,,,High level of purity- made of natural good quality ingredients|Love the smell and texture|Gives deep moisturisation to skin|Effectively treats my skin concerns,No complaints- love the product!|Product is too expensive
276102,"Aug 28, 2025, 17:18",1572648,Facial Oil,Lotus Marula Mukhalaya 30 ml,28,Oily,Normal|Dry & Damaged,10,10,Nat Habit is my first!,,,Does not leave face looking greasy like other face oils I've tried,No complaints- love the product!
274179,"Aug 27, 2025, 16:16",904798,Facial Oil,Turmeric Rosehip Mukhalaya 15 ml,47,Dry,Dry scalp & Frizzy hair,9,10,Kama Ayurveda,,,High level of purity- made of natural good quality ingredients|Gives deep moisturisation to skin|Effectively treats my skin concerns,No complaints- love the product!
250681,"Aug 8, 2025, 11:23",3120480,Facial Oil,Patchouli Manjistha Mukhalaya 30 ml,45,Combination,Normal,10,10,Nat Habit is my first!,,,Love the smell and texture|High level of purity- made of natural good quality ingredients|Gives deep moisturisation to skin|Effectively treats my skin concerns|Does not leave face looking greasy like other face oils I've tried,No complaints- love the product!
250600,"Aug 8, 2025, 11:23",29680,Facial Oil,Turmeric Rosehip Mukhalaya 30 ml,47,Combination,Oily scalp,7,10,Kama Ayurveda,,,Does not leave face looking greasy like other face oils I've tried,No complaints- love the product!
246885,"Aug 4, 2025, 17:04",3706363,Facial Oil,Saffron Tuberose Mukhalaya 30 ml,62,Dry,Dry & Damaged,10,10,Nat Habit is my first!,,,Gives deep moisturisation to skin,No complaints- love the product!
245967,"Aug 2, 2025, 15:04",4634038,Facial Oil,Turmeric Rosehip Mukhalaya 30 ml,54,Combination,Coloured,10,10,Nat Habit is my first!,,,Gives deep moisturisation to skin|High level of purity- made of natural good quality ingredients|Love the smell and texture|Effectively treats my skin concerns,No complaints- love the product!
245376,"Aug 1, 2025, 13:44",1844522,Facial Oil,Turmeric Rosehip Mukhalaya 30 ml,49,Combination,Curly / Wavy hair|Dry scalp & Frizzy hair|Dry & Damaged,9,10,Forest essentials,,,High level of purity- made of natural good quality ingredients|Gives deep moisturisation to skin|Love the smell and texture,No complaints- love the product!
257054,"Aug 14, 2025, 16:03",814166,Facial Oil,Saffron Tuberose Mukhalaya 30 ml,33,Oily,Curly / Wavy hair,10,9,Nat Habit is my first!,,,High level of purity- made of natural good quality ingredients,No complaints- love the product!
247444,"Aug 4, 2025, 17:05",499724,Facial Oil,Saffron Tuberose Mukhalaya 30 ml,40,Normal,Straight hair,10,9,Nat Habit is my first!,,,High level of purity- made of natural good quality ingredients|Love the smell and texture,No complaints- love the product!
246458,"Aug 4, 2025, 17:04",4256042,Facial Oil,Turmeric Rosehip Mukhalaya 30 ml,70,Normal,Curly / Wavy hair|Normal,9,9,Cream,,,Love the smell and texture|High level of purity- made of natural good quality ingredients|Gives deep moisturisation to skin|Does not leave face looking greasy like other face oils I've tried|Effectively treats my skin concerns,No complaints- love the product!
250997,"Aug 8, 2025, 11:23",600085,Facial Oil,Classical Nalpamaradi Mukhalaya 30 ml,40,Normal,Normal,8,8,Nat Habit is my first!,,,Gives deep moisturisation to skin,No complaints- love the product!
277833,"Aug 30, 2025, 12:31",1008520,Facial Oil,Classical Kumkumadi Mukhalaya 10 ml,61,Combination,Curly / Wavy hair|Dry & Damaged,10,6,Nat Habit is my first!,,,Love the smell and texture,Is not effective for my target concern|Product is too expensive
269873,"Aug 24, 2025, 12:35",4645659,Flora Jal,Pure Gulab Jal - Single Pack,44,Normal,Dry scalp & Frizzy hair,9,10,Nat Habit is my first!,,,Purity- high grade and unadulterated|Good value for money|Leaves skin feeling hydrated|Leaves skin feeling refreshed,No complaints- love the product!
269009,"Aug 23, 2025, 14:49",4739859,Flora Jal,Pure Lavender Jal - Single Pack,34,Combination,Oily scalp,10,10,The body shop,,,Purity- high grade and unadulterated,No complaints- love the product!
265611,"Aug 20, 2025, 16:41",1503420,Flora Jal,Pure Gulab Jal - Pack of 3,38,Combination,Straight hair,9,10,Biotique,,,Leaves skin feeling hydrated,No complaints- love the product!
261461,"Aug 18, 2025, 18:41",4720077,Flora Jal,Pure Lavender Jal - Single Pack,49,Oily,Dry scalp & Frizzy hair,10,10,Dabur,,,Good value for money|Purity- high grade and unadulterated,Product is too expensive
255866,"Aug 12, 2025, 13:55",3457800,Flora Jal,Pure Gulab Jal - Single Pack,63,Oily,Oily scalp,10,10,Fab India,,,Purity- high grade and unadulterated,No complaints- love the product!
255547,"Aug 12, 2025, 13:55",4659969,Flora Jal,Pure Gulab Jal - Single Pack,30,Dry,Straight hair|Normal,10,10,Nat Habit is my first!,,,Purity- high grade and unadulterated|Good value for money|Leaves skin feeling hydrated|Leaves skin feeling refreshed|Your skin becomes very good and your hair also becomes very good,No complaints- love the product!
250689,"Aug 8, 2025, 11:23",1261694,Flora Jal,Pure Gulab Jal - Single Pack,59,Normal,Straight hair|Dry scalp & Frizzy hair,10,10,Bodyshop,,,Leaves skin feeling refreshed|Purity- high grade and unadulterated|Good value for money|Leaves skin feeling hydrated,No complaints- love the product!
248395,"Aug 6, 2025, 12:34",1506144,Flora Jal,Pure Mogra Jal - Single Pack,58,Dry,Dry scalp & Frizzy hair|Dry & Damaged,10,10,Nat Habit is my first!,,,Purity- high grade and unadulterated|Good value for money|Leaves skin feeling refreshed,It's smelling stale
245912,"Aug 2, 2025, 15:04",212240,Flora Jal,Pure Lavender Jal - Single Pack,57,Sensitive,Curly / Wavy hair|Coloured,10,10,Forest Essentials,,,Purity- high grade and unadulterated,No complaints- love the product!
252406,"Aug 10, 2025, 10:46",1062354,Flora Jal,Pure Gulab Jal - Single Pack,38,Combination,Oily scalp|Dry & Damaged,10,9,Nat Habit is my first!,,,Purity- high grade and unadulterated,No complaints- love the product!
248279,"Aug 6, 2025, 12:34",2071502,Flora Jal,Pure Lavender Jal - Single Pack,62,Dry,Dry & Damaged,9,9,Biotique,,,Leaves skin feeling refreshed,No complaints- love the product!
246033,"Aug 2, 2025, 15:04",3829658,Flora Jal,Pure Gulab Jal - Single Pack,28,Combination,Straight hair,9,9,Dabur,,,Purity- high grade and unadulterated,Product is too expensive
249630,"Aug 7, 2025, 16:02",2806522,Flora Jal,Pure Lavender Jal - Single Pack,40,Combination,Dry scalp & Frizzy hair,8,8,Biotique,,,Purity- high grade and unadulterated,No complaints- love the product!
244868,"Aug 1, 2025, 13:43",4635230,Flora Jal,Pure Lavender Jal - Single Pack,50,Combination,Straight hair,8,8,Nat Habit is my first!,,,Leaves skin feeling hydrated,No complaints- love the product!
257938,"Aug 15, 2025, 17:29",2512544,Flora Jal,Pure Lavender Jal - Single Pack,59,Combination,Normal,9,5,Nat Habit is my first!,,,Leaves skin feeling hydrated,Does not absorb well
275550,"Aug 28, 2025, 17:18",4756265,Flora Jal,Pure Lavender Jal - Single Pack,24,Normal,Curly / Wavy hair,1,1,Minimalist,,,,"Does not suit skin- causes pimples, breakouts, redness, etc"
277769,"Aug 30, 2025, 12:30",831509,Hair Balm,Almond Marula Hair Balm,56,Dry,Curly / Wavy hair|Coloured|Dry & Damaged,10,10,Nat Habit is my first!,,,Helps tame frizzy hair & makes hair smooth,No complaints
248028,"Aug 6, 2025, 12:34",2725941,Hair Balm,Argan Grapeseed Hair Balm,45,Normal,Curly / Wavy hair|Oily scalp,10,10,Nat Habit is my first!,,,Helps tame frizzy hair & makes hair smooth,Not easy to use/apply
277686,"Aug 30, 2025, 12:30",3940907,Hand Malai,Lemon Moringa Hand Malai - Single Pack,40,Normal,Curly / Wavy hair|Dry scalp & Frizzy hair,10,10,Nat Habit is my first!,,,Great moisturiser for hands,No complaints- love the product!
277601,"Aug 30, 2025, 12:30",2052193,Hand Malai,Lemon Moringa Hand Malai - Single Pack,66,Dry,Dry scalp & Frizzy hair|Coloured|Curly / Wavy hair,8,10,Jergens,,,Great moisturiser for hands|Made of all-natural good quality ingredients|Good value for money|Really like the smell,No complaints- love the product!
277370,"Aug 30, 2025, 12:30",1360146,Hand Malai,Lemon Moringa Hand Malai - Single Pack,50,Normal,Curly / Wavy hair,10,10,Lakme,,,Made of all-natural good quality ingredients,Leaves hands feeling greasy post use
265437,"Aug 20, 2025, 16:41",677643,Hand Malai,Lemon Moringa Hand Malai - Single Pack,55,Sensitive,Curly / Wavy hair,10,10,Nat Habit is my first!,,,Made of all-natural good quality ingredients,No complaints- love the product!
255034,"Aug 12, 2025, 13:54",4688003,Hand Malai,Lemon Moringa Hand Malai - Single Pack,29,Dry,Dry scalp & Frizzy hair,10,10,Nat Habit is my first!,,,Great moisturiser for hands|Made of all-natural good quality ingredients|Good value for money|Really like the smell,No complaints- love the product!
252114,"Aug 10, 2025, 10:46",3347651,Hand Malai,Lemon Moringa Hand Malai - Single Pack,62,Normal,Dry scalp & Frizzy hair,10,10,Neutrogena,,,Great moisturiser for hands,No complaints- love the product!
277294,"Aug 30, 2025, 12:30",97810,Hand Malai,Mango Cinnamon Hand Malai  - Single Pack,37,Sensitive,Coloured|Curly / Wavy hair|Normal,10,9,no one,,,Great moisturiser for hands,Doesn't like smell of this particular product
275151,"Aug 28, 2025, 17:17",2821769,Hand Malai,Lemon Moringa Hand Malai - Single Pack,52,Combination,Dry & Damaged,7,9,Vaseline,,,Really like the smell|Great moisturiser for hands,No complaints- love the product!
256144,"Aug 14, 2025, 16:02",4708212,Hand Malai,Lemon Moringa Hand Malai - Single Pack,35,Combination,Curly / Wavy hair|Dry scalp & Frizzy hair,10,9,Body Shop,,,Great moisturiser for hands|Good value for money|Really like the smell|Made of all-natural good quality ingredients,No complaints- love the product!
252801,"Aug 10, 2025, 10:47",2309184,Hand Malai,Lemon Moringa Hand Malai - Single Pack,32,Oily,Curly / Wavy hair,10,9,Body Shop,,,Made of all-natural good quality ingredients,No complaints- love the product!
247794,"Aug 4, 2025, 17:05",3628400,Hand Malai,Lemon Moringa Hand Malai - Single Pack,55,Combination,Curly / Wavy hair,10,9,Nat Habit is my first!,,,Great moisturiser for hands|Made of all-natural good quality ingredients,Leaves hands feeling greasy post use|No complaints- love the product!
277415,"Aug 30, 2025, 12:30",2463131,Hand Malai,Lemon Moringa Hand Malai - Single Pack,40,Sensitive,Curly / Wavy hair|Dry & Damaged|Dry scalp & Frizzy hair,10,8,Senamed,,,Great moisturiser for hands,Leaves hands feeling greasy post use
273287,"Aug 27, 2025, 16:16",3948486,Hand Malai,Lemon Moringa Hand Malai - Single Pack,42,Combination,Curly / Wavy hair,10,8,Nat Habit is my first!,,,Made of all-natural good quality ingredients,No complaints- love the product!
269278,"Aug 23, 2025, 14:49",2436935,Hand Malai,Lemon Moringa Hand Malai - Single Pack,30,Oily,Oily scalp,10,8,Vaseline,,,Great moisturiser for hands,No complaints- love the product!
268352,"Aug 22, 2025, 13:42",4219692,Hand Malai,Lemon Moringa Hand Malai - Single Pack,31,Oily,Straight hair|Dry & Damaged,9,8,Oriflame,,,Great moisturiser for hands,Do not like the smell|Leaves hands feeling greasy post use
266203,"Aug 21, 2025, 18:22",4736245,Hand Malai,Lemon Moringa Hand Malai - Single Pack,39,Combination,Curly / Wavy hair|Dry scalp & Frizzy hair|Coloured,9,7,"Venuisa, aquasoft",,,Great moisturiser for hands|Really like the smell,Doesn't stay for long
248027,"Aug 6, 2025, 12:34",2356698,Hand Malai,Lemon Moringa Hand Malai - Single Pack,41,Combination,Straight hair|Oily scalp,9,7,Baby lotion,,,Great moisturiser for hands,Leaves hands feeling greasy post use|Do not like the smell
273532,"Aug 27, 2025, 16:16",2569325,Hand Malai,Lemon Moringa Hand Malai - Single Pack,42,Dry,Dry scalp & Frizzy hair|Dry & Damaged,7,6,Plum,,,Made of all-natural good quality ingredients,Low value for money
256698,"Aug 14, 2025, 16:03",4692868,Hand Malai,Lemon Moringa Hand Malai - Single Pack,36,Combination,Dry scalp & Frizzy hair,7,6,Nat Habit is my first!,,,Really like the smell,No complaints- love the product!
249883,"Aug 7, 2025, 16:02",4661874,Hand Malai,Lemon Moringa Hand Malai - Single Pack,43,Combination,Dry & Damaged,10,6,Plum,,,Made of all-natural good quality ingredients,Leaves hands feeling greasy post use|Do not like texture/ consistency
260521,"Aug 16, 2025, 12:45",328247,Hand Malai,Lemon Moringa Hand Malai - Single Pack,29,Oily,Dry scalp & Frizzy hair|Dry & Damaged|Curly / Wavy hair,1,1,Nat Habit is my first!,,,,Fragrance
275393,"Aug 28, 2025, 17:17",4757043,Henna,Henna Paste - Pack of 2,43,Combination,Straight hair,8,8,Nat Habit is my first!,,,Easy to use & ready to apply|Good value for money|Superior quality of henna,Consistency of paste is too liquid / runny|Does not give expected colour to hair
275834,"Aug 28, 2025, 17:18",2676520,Henna,Henna Paste - Pack of 2,26,Sensitive,Straight hair,10,10,Godrej Nupur,,,Gives hair deep rich colour|Good value for money|Easy to use & ready to apply,Does not give expected colour to hair
263306,"Aug 19, 2025, 12:23",3664163,Henna,Henna Paste - Pack of 2,32,Sensitive,Dry scalp & Frizzy hair|Dry & Damaged,10,10,Godrej Nupur,,,Gives hair deep rich colour|Easy to use & ready to apply|Good value for money,Does not give expected colour to hair
262930,"Aug 19, 2025, 12:23",4726454,Henna,Henna Touch-Up Paste - Single Pack,54,Oily,Straight hair,10,10,Nat Habit is my first!,,,Easy to use & ready to apply,Does not give expected colour to hair
272183,"Aug 25, 2025, 16:19",1309236,Henna,Henna Paste - Pack of 2,43,Normal,Dry scalp & Frizzy hair|Dry & Damaged|Curly / Wavy hair,8,8,Mamaearth,,,Easy to use & ready to apply|Gives hair deep rich colour|Superior quality of henna,Does not give expected colour to hair
275411,"Aug 28, 2025, 17:17",4756954,Henna,Henna Paste - Pack of 2,33,Normal,Straight hair|Normal,7,7,Herbal me,,,Easy to use & ready to apply,Does not give expected colour to hair
263803,"Aug 19, 2025, 12:24",4717868,Henna,"Henna Touch-Up Paste  - Pack of 2, Henna Paste - Pack of 2",59,Dry,Dry scalp & Frizzy hair,8,7,Nat Habit is my first!,,,Easy to use & ready to apply,Does not give expected colour to hair
246723,"Aug 4, 2025, 17:04",3917775,Henna,Henna Touch-Up Paste  - Pack of 2,41,Oily,Straight hair|Dry & Damaged,10,7,Nat Habit is my first!,,,Easy to use & ready to apply,Does not give expected colour to hair
271794,"Aug 25, 2025, 16:19",1117522,Henna,Henna Paste - Pack of 2,44,Sensitive,Curly / Wavy hair,5,5,Godrej Nupur,,,Easy to use & ready to apply,Does not give expected colour to hair
265717,"Aug 20, 2025, 16:41",4721712,Henna,Henna Paste - Pack of 2,47,Combination,Curly / Wavy hair,5,5,Nat Habit is my first!,,,Easy to use & ready to apply,Does not give expected colour to hair
264519,"Aug 20, 2025, 16:40",1741395,Henna,Henna Paste - Pack of 2,45,Combination,Curly / Wavy hair,5,5,Godrej Nupur,,,Easy to use & ready to apply,Does not give expected colour to hair
264147,"Aug 19, 2025, 12:24",4694507,Henna,Henna Touch-Up Paste - Single Pack,30,Normal,Curly / Wavy hair,2,2,Nat Habit is my first!,,,,Does not give expected colour to hair|Price of product is high
257570,"Aug 14, 2025, 16:04",3704656,Henna,Henna Touch-Up Paste  - Pack of 2,42,Dry,Dry scalp & Frizzy hair|Dry & Damaged|Curly / Wavy hair,9,9,Nat Habit is my first!,,,Superior quality of henna|Easy to use & ready to apply|Gives hair deep rich colour,Leaves hair and scalp dry
275166,"Aug 28, 2025, 17:17",814101,Henna,Henna Paste - Pack of 2,47,Sensitive,Straight hair|Oily scalp|Dry & Damaged|Normal,7,9,Natural Mehendi powder using before Nathabit,,,Easy to use & ready to apply|Good value for money,Leaves hair and scalp dry|No complaints- love the product!
276131,"Aug 28, 2025, 17:18",843682,Henna,Henna Paste - Pack of 2,39,Dry,Dry & Damaged,9,10,Nat Habit is my first!,,,Gives hair deep rich colour|Easy to use & ready to apply|Superior quality of henna|Good value for money,Leaves hair and scalp dry|Price of product is high
275083,"Aug 28, 2025, 17:17",4759079,Henna,Henna Paste - Pack of 2,35,Dry,Curly / Wavy hair,10,10,Nat Habit is my first!,,,Easy to use & ready to apply,No complaints- love the product!
274313,"Aug 27, 2025, 16:17",1577662,Henna,Henna Paste - Pack of 2,38,Combination,Curly / Wavy hair|Dry scalp & Frizzy hair|Dry & Damaged,10,10,Nupur henna and patanjali heena,,,Easy to use & ready to apply|Superior quality of henna|Gives hair deep rich colour,No complaints- love the product!
273966,"Aug 27, 2025, 16:16",332265,Henna,Henna Paste - Pack of 2,32,Combination,Straight hair,10,10,Nat Habit is my first!,,,Gives hair deep rich colour|Good value for money|Easy to use & ready to apply|Superior quality of henna,No complaints- love the product!
273436,"Aug 27, 2025, 16:16",798924,Henna,Henna Paste - Pack of 4,41,Sensitive,Dry scalp & Frizzy hair|Dry & Damaged,10,10,Nat Habit is my first!,,,Gives hair deep rich colour|Good value for money|Superior quality of henna,No complaints- love the product!
263373,"Aug 19, 2025, 12:23",817434,Henna,Henna Paste - Pack of 2,47,Combination,Curly / Wavy hair|Dry scalp & Frizzy hair,10,10,Nat Habit is my first!,,,Gives hair deep rich colour|Good value for money|Easy to use & ready to apply|Superior quality of henna,No complaints- love the product!
263345,"Aug 19, 2025, 12:23",858340,Henna,Henna Paste - Pack of 2,52,Normal,Straight hair|Normal,10,10,Nat Habit is my first!,,,Superior quality of henna|Easy to use & ready to apply|Gives hair deep rich colour|Good value for money,No complaints- love the product!
263014,"Aug 19, 2025, 12:23",4725692,Henna,Henna Paste - Pack of 2,50,Normal,Straight hair,10,10,Godrej Nupur,,,Easy to use & ready to apply,No complaints- love the product!
262547,"Aug 19, 2025, 12:23",2671060,Henna,Henna Paste - Pack of 2,40,Normal,Dry & Damaged,10,10,Nat Habit is my first!,,,Gives hair deep rich colour|Easy to use & ready to apply|Superior quality of henna,No complaints- love the product!
262146,"Aug 18, 2025, 18:42",4712071,Henna,Henna Paste - Pack of 2,47,Combination,Normal,10,10,Nat Habit is my first!,,,Easy to use & ready to apply|Superior quality of henna,No complaints- love the product!
261124,"Aug 18, 2025, 18:41",788628,Henna,Henna Touch-Up Paste  - Pack of 2,46,Combination,Dry scalp & Frizzy hair,10,10,Nat Habit is my first!,,,Superior quality of henna,No complaints- love the product!
258821,"Aug 15, 2025, 17:29",4157402,Henna,Henna Paste - Pack of 2,57,Dry,Curly / Wavy hair,10,10,Godrej Nupur,,,Good value for money,No complaints- love the product!
257214,"Aug 14, 2025, 16:03",4548494,Henna,Henna Paste - Pack of 2,40,Normal,Normal,10,10,indigo,,,Gives hair deep rich colour,No complaints- love the product!
255815,"Aug 12, 2025, 13:55",208605,Henna,Henna Paste - Pack of 4,43,Sensitive,Normal,2,10,Godrej Nupur,,,Easy to use & ready to apply|Superior quality of henna|Gives hair deep rich colour,No complaints- love the product!
247886,"Aug 4, 2025, 17:05",2503680,Henna,Henna Touch-Up Paste  - Pack of 2,65,Sensitive,Straight hair,10,10,Mamaearth,,,Easy to use & ready to apply|Gives hair deep rich colour,No complaints- love the product!
246627,"Aug 4, 2025, 17:04",4651529,Henna,Henna Paste - Pack of 2,35,Combination,Dry scalp & Frizzy hair,10,10,Godrej Nupur,,,Easy to use & ready to apply|Good value for money|Superior quality of henna,No complaints- love the product!
275319,"Aug 28, 2025, 17:17",1639139,Henna,Henna Paste - Pack of 2,34,Oily,Curly / Wavy hair|Dry scalp & Frizzy hair,9,9,Nat Habit is my first!,,,Gives hair deep rich colour,No complaints- love the product!
274078,"Aug 27, 2025, 16:16",4751362,Henna,Henna Paste - Pack of 2,35,Sensitive,Dry scalp & Frizzy hair,7,9,Godrej Nupur,,,Easy to use & ready to apply|Gives hair deep rich colour,No complaints- love the product!
273221,"Aug 27, 2025, 16:16",4755841,Henna,Henna Paste - Pack of 2,38,Normal,Curly / Wavy hair|Dry scalp & Frizzy hair,9,9,Godrej Nupur,,,Easy to use & ready to apply,No complaints- love the product!
272790,"Aug 25, 2025, 16:20",4606588,Henna,Henna Touch-Up Paste  - Pack of 2,67,Normal,Normal,9,9,Indus Valley,,,Superior quality of henna,No complaints- love the product!
272351,"Aug 25, 2025, 16:19",4005800,Henna,Henna Touch-Up Paste - Single Pack,47,Oily,Dry scalp & Frizzy hair,8,8,Nat Habit is my first!,,,Easy to use & ready to apply|Gives hair deep rich colour,No complaints- love the product!
245699,"Aug 2, 2025, 15:03",4640488,Loofah,Loofah - Single Pack,39,Dry,Curly / Wavy hair|Dry scalp & Frizzy hair,10,9,Bon organics,,,Good for skin exfoliation |Effective for good cleansing,No complaints- love the product!
273412,"Aug 27, 2025, 16:16",2541485,Loofah,Loofah - Single Pack,30,Oily,Normal,10,8,Unbranded,,,Effective for good cleansing|Good for skin exfoliation |Easy to use|Good value for money,No complaints- love the product!
273805,"Aug 27, 2025, 16:16",3359326,Henna,Henna Paste - Pack of 2,34,Oily,Straight hair|Oily scalp,7,10,Anoos,,,Easy to use & ready to apply|Gives hair deep rich colour,No complaints- love the product!|Price of product is high
274649,"Aug 27, 2025, 16:17",361227,Henna,Henna Paste - Pack of 2,35,Normal,Curly / Wavy hair,10,10,Mamaearth,,,Easy to use & ready to apply,Price of product is high
273898,"Aug 27, 2025, 16:16",4752356,Henna,Henna Paste - Pack of 2,50,Dry,Straight hair,10,10,"Only pure heena soaked at home in tea coffe boiled water,and added amla,oil",,,Gives hair deep rich colour|Easy to use & ready to apply|Superior quality of henna,Price of product is high
255350,"Aug 12, 2025, 13:54",4164350,Henna,Henna Paste - Pack of 2,40,Dry,Dry scalp & Frizzy hair,10,10,Godrej Nupur,,,Gives hair deep rich colour,Price of product is high
275709,"Aug 28, 2025, 17:18",1628540,Henna,Henna Paste - Pack of 2,60,Dry,Curly / Wavy hair,8,9,Nat Habit is my first!,,,Easy to use & ready to apply,Price of product is high
265971,"Aug 20, 2025, 16:42",4706788,Henna,Henna Paste - Pack of 2,40,Dry,Dry scalp & Frizzy hair,9,9,Attar Ayurveda,,,Superior quality of henna,Price of product is high
246975,"Aug 4, 2025, 17:04",958631,Henna,Henna Paste - Pack of 2,39,Normal,Straight hair,9,9,Vlcc,,,Easy to use & ready to apply,Price of product is high
246695,"Aug 4, 2025, 17:04",2309772,Henna,Henna Paste - Pack of 2,41,Combination,Curly / Wavy hair,8,9,Godrej Nupur,,,Gives hair deep rich colour,Price of product is high
276502,"Aug 28, 2025, 17:18",4645040,Henna,Henna Paste - Pack of 2,33,Combination,Dry scalp & Frizzy hair|Dry & Damaged,7,8,Nat Habit is my first!,,,Easy to use & ready to apply,Price of product is high
274136,"Aug 27, 2025, 16:16",3812359,Henna,Henna Paste - Pack of 2,40,Normal,Normal,7,6,Supreme Heena Powder,,,Superior quality of henna|Gives hair deep rich colour|Good value for money,Price of product is high
275040,"Aug 28, 2025, 17:17",4327677,Henna,Henna Paste - Pack of 4,34,Sensitive,Dry scalp & Frizzy hair,1,5,Nat Habit is my first!,,,Easy to use & ready to apply,Price of product is high
263553,"Aug 19, 2025, 12:24",3062383,Indigo Powder,HUFA Pigment Indigo Powder - 85g,35,Oily,Straight hair|Oily scalp,10,10,Indus Valley,,,Gives hair deep rich colour|High purity- no chemicals used|Easy to use|Makes colour last longer,No complaints- love the product!
252223,"Aug 10, 2025, 10:46",4683421,Indigo Powder,HUFA Pigment Indigo Powder - 85g,30,Normal,Straight hair,10,10,Kama Ayurveda,,,Gives hair deep rich colour,No complaints- love the product!
247188,"Aug 4, 2025, 17:04",1290762,Indigo Powder,HUFA Pigment Indigo Powder - 85g,40,Normal,Curly / Wavy hair,10,10,Kama Ayurveda,,,High purity- no chemicals used,No complaints- love the product!
246292,"Aug 2, 2025, 15:04",2277804,Indigo Powder,HUFA Pigment Indigo Powder - 85g,32,Normal,Normal,9,10,Unbranded,,,Gives hair deep rich colour|High purity- no chemicals used,Colour did not last long
269409,"Aug 23, 2025, 14:49",4416814,Indigo Powder,HUFA Pigment Indigo Powder - 170g,45,Dry,Curly / Wavy hair|Dry scalp & Frizzy hair,9,9,Nat Habit is my first!,,,Easy to use,No complaints- love the product!
266649,"Aug 21, 2025, 18:22",295414,Indigo Powder,HUFA Pigment Indigo Powder - 85g,42,Sensitive,Dry scalp & Frizzy hair|Dry & Damaged,10,9,Nat Habit is my first!,,,High purity- no chemicals used|Easy to use,Colour did not last long|Dries out my hair
258041,"Aug 15, 2025, 17:29",4315849,Indigo Powder,HUFA Pigment Indigo Powder - 85g,46,Normal,Straight hair|Coloured,9,9,Nat Habit is my first!,,,High purity- no chemicals used|Easy to use|Gives hair deep rich colour,No complaints- love the product!
246095,"Aug 2, 2025, 15:04",4632381,Indigo Powder,HUFA Pigment Indigo Powder - 85g,53,Normal,Straight hair|Normal,8,9,Unbranded,,,Gives hair deep rich colour|High purity- no chemicals used|Easy to use|Makes colour last longer|Helps improve hair quality,Dries out my hair
263262,"Aug 19, 2025, 12:23",4723722,Indigo Powder,HUFA Pigment Indigo Powder - 85g,50,Combination,Dry scalp & Frizzy hair|Coloured,8,8,Nat Habit is my first!,,,Gives hair deep rich colour|High purity- no chemicals used|Easy to use|Makes colour last longer|Helps improve hair quality,Dries out my hair|No complaints- love the product!
258509,"Aug 15, 2025, 17:29",3553454,Indigo Powder,HUFA Pigment Indigo Powder - 85g,43,Combination,Normal,9,8,No need to name,,,High purity- no chemicals used,Colour did not last long
255981,"Aug 12, 2025, 13:55",2867328,Indigo Powder,HUFA Pigment Indigo Powder - 85g,50,Combination,Normal,8,8,Attar Ayurveda,,,High purity- no chemicals used,No complaints- love the product!
257344,"Aug 14, 2025, 16:04",4606754,Indigo Powder,HUFA Pigment Indigo Powder - 85g,48,Combination,Straight hair|Oily scalp|Normal,8,7,Indus Valley,,,Easy to use|High purity- no chemicals used,Did not give the expected colour|Colour did not last long
250924,"Aug 8, 2025, 11:23",4660291,Indigo Powder,HUFA Pigment Indigo Powder - 85g,21,Oily,Normal,1,2,Khadi Natural,,,,Did not give the expected colour
277823,"Aug 30, 2025, 12:30",573284,Lepa,Chandan Nagakesar Lepa + Tamarind Kasturi Lepa,32,Combination,Oily scalp,10,10,Nat Habit is my first!,,,Made of all-natural good quality ingredients|Effectively targets my skin concerns|Love the texture and smell|Good value for money|Gives natural glow post wash,Do not like pouch packaging|Low value for money|No complaints- love the product!
274589,"Aug 27, 2025, 16:17",3735826,Lepa,Aloe Cucumber Lepa - Pack of 1,52,Combination,Curly / Wavy hair|Normal,10,10,Mamaearth,,,Made of all-natural good quality ingredients|Love the texture and smell,No complaints- love the product!
274512,"Aug 27, 2025, 16:17",4643910,Lepa,Chandan Nagakesar Lepa - Pack of 1,55,Normal,Curly / Wavy hair|Dry scalp & Frizzy hair|Coloured|Dry & Damaged,10,10,O3+,,,Gives natural glow post wash|Good value for money|Love the texture and smell,No complaints- love the product!
274413,"Aug 27, 2025, 16:17",419229,Lepa,Neem Ajwain Lepa - Pack of 1,44,Oily,Curly / Wavy hair,10,10,Nat Habit is my first!,,,Effectively targets my skin concerns,No complaints- love the product!
272292,"Aug 25, 2025, 16:19",2855635,Lepa,Chandan Nagakesar Lepa - Pack of 1,54,Dry,Dry scalp & Frizzy hair|Coloured|Dry & Damaged,10,10,Nat Habit is my first!,,,Love the texture and smell|Effectively targets my skin concerns|Made of all-natural good quality ingredients|Good value for money|Gives natural glow post wash,No complaints- love the product!
260461,"Aug 16, 2025, 12:45",4705666,Lepa,Chandan Nagakesar Lepa - Pack of 2,48,Combination,Normal,10,10,Nat Habit is my first!,,,Gives natural glow post wash,No complaints- love the product!
260120,"Aug 16, 2025, 12:45",533981,Lepa,Chandan Nagakesar Lepa - Pack of 1,72,Dry,Coloured,10,10,Mamaearth,,,Love the texture and smell,No complaints- love the product!
258964,"Aug 15, 2025, 17:30",3568650,Lepa,Chandan Nagakesar Lepa - Pack of 1,26,Combination,Curly / Wavy hair|Dry scalp & Frizzy hair,8,10,Vilvah,,,Made of all-natural good quality ingredients|Love the texture and smell|Gives natural glow post wash,No complaints- love the product!
256376,"Aug 14, 2025, 16:03",3624406,Lepa,Orange Kalonji Lepa - Pack of 1,40,Combination,Dry scalp & Frizzy hair|Dry & Damaged,10,10,Nat Habit is my first!,,,Gives natural glow post wash,No complaints- love the product!
250080,"Aug 7, 2025, 16:03",3217310,Lepa,Kaolin Aparajita Lepa - Pack of 1,50,Combination,Coloured|Dry & Damaged,9,10,Foxtale,,,Gives natural glow post wash,Do not like pouch packaging
249653,"Aug 7, 2025, 16:02",268682,Lepa,Orange Kalonji Lepa - Pack of 2,70,Normal,Curly / Wavy hair|Coloured|Normal,10,10,Nat Habit is my first!,,,Made of all-natural good quality ingredients|Effectively targets my skin concerns|Love the texture and smell|Good value for money|Gives natural glow post wash,No complaints- love the product!
247530,"Aug 4, 2025, 17:05",4641473,Lepa,Chandan Nagakesar Lepa - Pack of 1,22,Normal,Curly / Wavy hair|Dry scalp & Frizzy hair,9,10,Innisfree,,,Gives natural glow post wash|Love the texture and smell|Made of all-natural good quality ingredients,No complaints- love the product!
247491,"Aug 4, 2025, 17:05",4589906,Lepa,Chandan Nagakesar Lepa - Pack of 1,35,Combination,Dry scalp & Frizzy hair,10,10,Nat Habit is my first!,,,Made of all-natural good quality ingredients,No complaints- love the product!
267934,"Aug 22, 2025, 13:41",598231,Lepa,Chandan Nagakesar Lepa - Pack of 2,26,Combination,Curly / Wavy hair,10,9,Nat Habit is my first!,,,Gives natural glow post wash,No complaints- love the product!
263675,"Aug 19, 2025, 12:24",75838,Lepa,Orange Kalonji Lepa - Pack of 1,39,Oily,Straight hair|Oily scalp|Normal,9,9,Mcaffeine,,,Made of all-natural good quality ingredients|Effectively targets my skin concerns|Love the texture and smell,Do not like pouch packaging
250336,"Aug 7, 2025, 16:03",4629889,Lepa,Chandan Nagakesar Lepa - Pack of 1,35,Combination,Coloured,10,9,Nat Habit is my first!,,,Gives natural glow post wash,Do not like consistency/ texture
246644,"Aug 4, 2025, 17:04",3727625,Lepa,"Banana Mulethi Lepa - Pack of 1, Kaolin Aparajita Lepa - Pack of 1, Gulab Khus Lepa - Pack of 1, Tamarind Kasturi Lepa - Pack of 1, Orange Kalonji Lepa - Pack of 1",43,Combination,Normal,10,9,Pilgrim,,,Gives natural glow post wash,No complaints- love the product!
267131,"Aug 21, 2025, 18:23",3658069,Lepa,Flaxseed Manjistha Lepa - Pack of 2,47,Combination,Straight hair,10,8,Mamaearth,,,Made of all-natural good quality ingredients,No complaints- love the product!
266714,"Aug 21, 2025, 18:22",3400201,Lepa,"Flaxseed Manjistha Lepa + Orange Kalonji Lepa, Pumpkin BlackClay Lepa + Gulab Khus Lepa, Chandan Nagakesar Lepa + Tamarind Kasturi Lepa, Neem Ajwain Lepa - Pack of 2",60,Normal,Coloured,10,8,Biotique,,,Effectively targets my skin concerns|Love the texture and smell|But quantity could have been little more,Product is good but quantity is less
250428,"Aug 8, 2025, 11:23",4667184,Lepa,Chandan Nagakesar Lepa - Pack of 1,35,Oily,Curly / Wavy hair,5,7,Dermaco,,,Made of all-natural good quality ingredients,No complaints- love the product!
265261,"Aug 20, 2025, 16:41",634889,Lepa,Orange Kalonji Lepa - Pack of 2,24,Combination,Curly / Wavy hair|Dry & Damaged,8,6,Foxtale,,,Made of all-natural good quality ingredients|Effectively targets my skin concerns|Love the texture and smell,Do not like pouch packaging
251097,"Aug 8, 2025, 11:23",4651903,Lepa,Chandan Nagakesar Lepa - Pack of 2,24,Oily,Curly / Wavy hair|Oily scalp|Dry & Damaged,8,6,O3+,,,Made of all-natural good quality ingredients,Do not like pouch packaging
249846,"Aug 7, 2025, 16:02",4662315,Lepa,Gulab Khus Lepa - Pack of 1,50,Combination,Oily scalp,4,6,Nat Habit is my first!,,,Effectively targets my skin concerns,Do not like pouch packaging
261498,"Aug 18, 2025, 18:41",4452260,Lip Butter,Pomegranate Rose Lip Butter - Pack of 2,41,Normal,Normal,10,10,Maybelline,,,Good texture & easy to apply,Low value for money
255499,"Aug 12, 2025, 13:54",3896812,Lip Butter,Pomegranate Rose Lip Butter,27,Normal,Normal,10,10,Vaseline,,,Effective for chapped lips & leaves lips feeling soft,No complaints- love the product!
252526,"Aug 10, 2025, 10:47",4336340,Lip Butter,Beetroot Crush Lip Butter + Orange Marigold Lip Butter,52,Normal,Curly / Wavy hair,8,10,Labello,,,Made of pure ghee and rich butters|Effective for chapped lips & leaves lips feeling soft|Long lasting hydration for lips|Love the smell|Good texture & easy to apply,No complaints- love the product!
245275,"Aug 1, 2025, 13:44",389144,Lip Butter,Beetroot Crush Lip Butter,40,Sensitive,Straight hair,10,10,N,,,Made of pure ghee and rich butters|Effective for chapped lips & leaves lips feeling soft|Long lasting hydration for lips|Love the smell|Good texture & easy to apply,No complaints- love the product!
269836,"Aug 24, 2025, 12:35",4740902,Lip Butter,Beetroot Crush Lip Butter,28,Combination,Curly / Wavy hair|Dry scalp & Frizzy hair,9,9,Nat Habit is my first!,,,Effective for chapped lips & leaves lips feeling soft|Made of pure ghee and rich butters|Love the smell|Good texture & easy to apply,No complaints- love the product!
268623,"Aug 22, 2025, 13:42",4717890,Lip Butter,Pomegranate Rose Lip Butter - FREE,35,Combination,Dry & Damaged,9,9,Vaseline,,,Long lasting hydration for lips|Love the smell,Texture of lip butter is too hard
259221,"Aug 15, 2025, 17:30",4692457,Lip Butter,Beetroot Crush Lip Butter,30,Normal,Dry scalp & Frizzy hair,10,9,J,,,Made of pure ghee and rich butters,Smell is too strong
247348,"Aug 4, 2025, 17:04",4643221,Lip Butter,Beetroot Crush Lip Butter,40,Dry,Dry scalp & Frizzy hair|Dry & Damaged|Coloured,8,9,Sugar Cosmetics,,,Effective for chapped lips & leaves lips feeling soft,No complaints- love the product!
245046,"Aug 1, 2025, 13:44",4399727,Lip Butter,Pomegranate Rose Lip Butter,25,Sensitive,Dry scalp & Frizzy hair,9,8,Plum,,,Made of pure ghee and rich butters,Texture of lip butter is too hard
272907,"Aug 25, 2025, 16:20",4722566,Lip Butter,Pomegranate Rose Lip Butter - FREE,29,Combination,Curly / Wavy hair,9,7,Nat Habit is my first!,,,Made of pure ghee and rich butters|Long lasting hydration for lips|Love the smell,No complaints- love the product!
266582,"Aug 21, 2025, 18:22",3982001,Lip Butter,Pomegranate Rose Lip Butter - FREE,45,Oily,Oily scalp|Dry & Damaged,10,7,Wishcare,,,Love the smell|Made of pure ghee and rich butters,Texture of lip butter is too hard
254575,"Aug 12, 2025, 13:54",4693322,Lip Butter,Beetroot Crush Lip Butter,59,Dry,Curly / Wavy hair,1,1,Maybelline,,,,Texture of lip butter is too hard|Do not like tin packaging|Low value for money|Does not help with chapped lips
245951,"Aug 2, 2025, 15:04",4246419,Lip Mura,Beetroot Rose Lip Mura - Regular,40,Combination,Coloured|Normal,10,9,Nat Habit is my first!,,,Made of only natural good quality ingredients |Leaves lips feeling smooth|Effectively reduces lip darkness|Good smell and texture|Effective for exfoliating lips,No complaints- love the product!
263532,"Aug 19, 2025, 12:24",4721295,Henna,Henna Paste - Pack of 2,34,Oily,Oily scalp,9,9,Godrej Nupur,,,Easy to use & ready to apply|Superior quality of henna,Price of product is high|Do not like pouch packaging|No complaints- love the product!
255339,"Aug 12, 2025, 13:54",4680219,Henna,Henna Paste - Pack of 2,7,K,No hair,8,9,None of these u r giving info to customer these are available,,,Gives hair deep rich colour|Good value for money|Easy to use & ready to apply,Price of product is high|No complaints- love the product!
251113,"Aug 8, 2025, 11:24",2234497,Maahu,Moringa Coconut Maahu - 100 ml,54,Dry,Dry scalp & Frizzy hair,10,8,Home made,,,Ayurvedic preparation,No complaints- love the product!
269359,"Aug 23, 2025, 14:49",1724398,Malai,"Multi-Nut Skin Malai - 200ml - Single Pack, Multi-Nut & Fig Rose Skin Malai - 120 ml - Combo Pack",40,Combination,thin  normal hair,10,10,palmers,,,Made of rich butters and natural good quality ingredients|Good absorption & easy to apply|Gives long lasting moisturisation|Good texture,No complaints- love the product!
263921,"Aug 19, 2025, 12:24",4017207,Malai,Multi-Nut Skin Malai - 200ml - Single Pack,63,Dry,Normal,10,10,Nivea,,,Made of rich butters and natural good quality ingredients|Good value for money|Gives long lasting moisturisation|Good texture|Good absorption & easy to apply,No complaints- love the product!
249111,"Aug 6, 2025, 12:35",4637059,Malai,Fig Rose Skin Malai - 120 ml - Single Pack,33,Dry,Normal,10,10,Himalaya,,,Good absorption & easy to apply|Gives long lasting moisturisation|Good value for money|Made of rich butters and natural good quality ingredients,No complaints- love the product!
246375,"Aug 2, 2025, 15:05",4615844,Malai,Fig Rose Skin Malai - 120 ml - Single Pack,26,Sensitive,Oily scalp|Curly / Wavy hair|Dry & Damaged,9,10,Body Shop,,,Made of rich butters and natural good quality ingredients|Good texture|Gives long lasting moisturisation,Product is too expensive
252109,"Aug 10, 2025, 10:46",3566141,Malai,Double Cocoa Skin Malai - 120 ml - Single Pack,62,Sensitive,Dry n dry hair withsensitive scalp,8,9,Nat Habit is my first!,,,Gives long lasting moisturisation|Made of rich butters and natural good quality ingredients,No complaints- love the product!
274779,"Aug 27, 2025, 16:17",4721809,Malai Lotion,Fig Rose Malai Lotion,34,Dry,Hair fall and no hair growth,10,10,Cetaphil,,,Good smell and texture|Good absorption & easy to apply|Good value for money|Gives long lasting moisturisation|Made of rich butters and natural good quality ingredients,No complaints- love the product!
246706,"Aug 4, 2025, 17:04",4641211,Malai Lotion,Fig Rose Malai Lotion,40,Dry,Dry scalp & Frizzy hair|Dry & Damaged,10,10,Vaseline,,,Good absorption & easy to apply|Gives long lasting moisturisation|Made of rich butters and natural good quality ingredients,No complaints- love the product!
267681,"Aug 22, 2025, 13:41",956855,Malai Lotion,Fig Rose Malai Lotion,40,Combination,Curly / Wavy hair,9,9,Nivea,,,Gives long lasting moisturisation|Good value for money|Made of rich butters and natural good quality ingredients|Good absorption & easy to apply|Good smell and texture,No complaints- love the product!
250295,"Aug 7, 2025, 16:03",4640798,Malai Lotion,Aloe Saunf Malai Lotion,38,Combination,Curly / Wavy hair,8,9,Vaseline,,,Gives long lasting moisturisation|Good smell and texture,No complaints- love the product!
245887,"Aug 2, 2025, 15:04",4637716,Malai Lotion,Aloe Saunf Malai Lotion,47,Oily,Curly / Wavy hair|Dry scalp & Frizzy hair|Dry & Damaged,8,9,Nivea,,,Gives long lasting moisturisation|Made of rich butters and natural good quality ingredients,Do not like packaging
255511,"Aug 12, 2025, 13:54",4253429,Malai Lotion,Aloe Saunf Malai Lotion,39,Combination,Oily scalp|Dry & Damaged,8,8,Boroplus,,,Good absorption & easy to apply,Xpecting dtan
259383,"Aug 15, 2025, 17:30",1082494,Malai Lotion,Aloe Saunf Malai Lotion,47,Combination,Dry scalp & Frizzy hair,10,7,Vaseline,,,Gives long lasting moisturisation,Does not absorb well- skin feels greasy post use
274703,"Aug 27, 2025, 16:17",1574760,Malai Lotion,Fig Rose Malai Lotion,30,Dry,Dry scalp & Frizzy hair,1,1,Cetaphil,,,,Do not like smell
274907,"Aug 28, 2025, 17:17",180987,Methi Jal,Green Tea Methi Jal,40,Combination,Dry scalp & Frizzy hair,10,10,Loreal,,,Helps tame frizzy & dry hair,No complaints- love the product!
262617,"Aug 19, 2025, 12:23",53651,Methi Jal,Rosemary Methi Jal,40,Sensitive,Straight hair|Oily scalp|Coloured,10,10,Nat Habit is my first!,,,Gives deep conditioning to hair|Helps tame frizzy & dry hair,Poor packaging- pump does not work
248332,"Aug 6, 2025, 12:34",3109547,Methi Jal,Rose Methi Jal,34,Sensitive,Dry & Damaged|Dry scalp & Frizzy hair,10,10,Nat Habit is my first!,,,Gives deep conditioning to hair|Helps tame frizzy & dry hair|Good value for money,No complaints- love the product!
277824,"Aug 30, 2025, 12:31",4333099,Methi Jal,Rosemary Methi Jal,42,Normal,Dry & Damaged,10,9,Nat Habit is my first!,,,High purity- uses only natural good quality ingredients,No complaints- love the product!
276170,"Aug 28, 2025, 17:18",4130600,Methi Jal,Rosemary Methi Jal,22,Oily,Straight hair|Dry scalp & Frizzy hair|Dry & Damaged,9,9,Nat Habit is my first!,,,High purity- uses only natural good quality ingredients|Gives deep conditioning to hair,No complaints- love the product!
255384,"Aug 12, 2025, 13:54",1811352,Methi Jal,Rosemary Methi Jal,39,Sensitive,Normal,8,9,Livon,,,Helps tame frizzy & dry hair|Gives deep conditioning to hair,Poor packaging- pump does not work|Product is too expensive
252480,"Aug 10, 2025, 10:46",4024045,Methi Jal,Green Tea Methi Jal,33,Combination,Dry scalp & Frizzy hair,3,3,Loreal,,,,Poor packaging- pump does not work
277819,"Aug 30, 2025, 12:30",148204,Mura,Five Gram Mura - FREE,38,Oily,Straight hair|Dry scalp & Frizzy hair|Coloured|Dry & Damaged,10,10,Nat Habit is my first!,,,Gives good cleansing effect,Quantity of product is less
257476,"Aug 14, 2025, 16:04",4312289,Mura,Five Gram Mura - FREE,45,Combination,Dry scalp & Frizzy hair|Curly / Wavy hair|Dry & Damaged,9,8,Himalaya,,,Gives good cleansing effect|Good texture|Love the smell|Made of only natural good quality ingredients,Quantity of product is less|Do not like pouch packaging
273484,"Aug 27, 2025, 16:16",4754444,Mura,Neem Marigold Mura - Pack of 3,41,Dry,Curly / Wavy hair,9,7,Biotique,,,Made of only natural good quality ingredients|Gives good cleansing effect|Love the smell,Do not like pouch packaging|No complaints- love the product!
255813,"Aug 12, 2025, 13:55",4626279,Mura,Five Gram Mura - FREE,33,Dry,Dry scalp & Frizzy hair,9,7,Mcaffeine,,,Love the smell,No complaints- love the product!
245711,"Aug 2, 2025, 15:03",3780148,Mura,Cinnamon Nashpati Mura - Pack of 3,23,Combination,Curly / Wavy hair|Dry & Damaged,8,6,Nat Habit is my first!,,,Made of only natural good quality ingredients,"Do not like pouch packaging|Quantity of product is less|Does not suit my skin- causes redness, irritation or breakouts|Dries out my skin"
276060,"Aug 28, 2025, 17:18",2311305,Navdha Shampoo,Five Oil Hibiscus Shampoo - 250g,30,Oily,Straight hair,10,10,Loreal,,,Made of natural good quality ingredients and ayurvedic preparation |SLS Free and Silicone Free|Does not dry out hair like other natural shampoos|Good smell and texture,Scalp does not feel clean post wash|Low foam
275112,"Aug 28, 2025, 17:17",4738985,Navdha Shampoo,Five Oil Hibiscus Shampoo - 250g - Pack of 2,38,Sensitive,Curly / Wavy hair,10,10,Mamaearth,,,Hair feels soft and shiny post wash|Made of natural good quality ingredients and ayurvedic preparation |Effectively solves my hair concerns|SLS Free and Silicone Free|Does not dry out hair like other natural shampoos,No complaints- love the product!
274981,"Aug 28, 2025, 17:17",1681310,Navdha Shampoo,Five Oil Hibiscus Shampoo - 250g,63,Dry,Coloured|Dry scalp & Frizzy hair,10,10,Himalaya,,,Hair feels soft and shiny post wash|Effectively solves my hair concerns,No complaints- love the product!
274299,"Aug 27, 2025, 16:17",1475743,Navdha Shampoo,"Trileaf Rosemary Shampoo - 250g, Five Oil Hibiscus Shampoo - 250g",33,Combination,Curly / Wavy hair|Dry & Damaged|Dry scalp & Frizzy hair,10,10,Bare Anatomy,,,Made of natural good quality ingredients and ayurvedic preparation |SLS Free and Silicone Free|Does not dry out hair like other natural shampoos|Good foam|Good smell and texture,No complaints- love the product!
273853,"Aug 27, 2025, 16:16",1712970,Navdha Shampoo,Curry Cider Shampoo - 250g,39,Dry,Dry scalp & Frizzy hair,10,10,Wow,,,Hair feels soft and shiny post wash|Good smell and texture|Made of natural good quality ingredients and ayurvedic preparation |Effectively solves my hair concerns,No complaints- love the product!
273755,"Aug 27, 2025, 16:16",4752511,Navdha Shampoo,"Five Oil Hibiscus Shampoo - 250g, Trileaf Rosemary Shampoo - 250g",48,Oily,Dry & Damaged,9,10,Nat Habit is my first!,,,Made of natural good quality ingredients and ayurvedic preparation,No complaints- love the product!
273690,"Aug 27, 2025, 16:16",4355961,Navdha Shampoo,Five Oil Hibiscus Shampoo - 250g - Pack of 2,41,Oily,Oily scalp|Normal,8,10,Biotique,,,Made of natural good quality ingredients and ayurvedic preparation |Hair feels soft and shiny post wash|SLS Free and Silicone Free|Does not dry out hair like other natural shampoos|Good foam|Good smell and texture,No complaints- love the product!
273413,"Aug 27, 2025, 16:16",4119275,Navdha Shampoo,"Trileaf Rosemary Shampoo - 250g, Trileaf Rosemary Shampoo - 250g - Pack of 2",38,Normal,Oily scalp,10,10,Ayuthveda,,,Made of natural good quality ingredients and ayurvedic preparation,No complaints- love the product!
273126,"Aug 27, 2025, 16:15",4615823,Navdha Shampoo,Five Oil Hibiscus Shampoo - 250g,44,Normal,Curly / Wavy hair,10,10,Nat Habit is my first!,,,Effectively solves my hair concerns,Low foam
272664,"Aug 25, 2025, 16:20",4124701,Navdha Shampoo,Five Oil Hibiscus Shampoo - 250g,53,Combination,Curly / Wavy hair|Dry scalp & Frizzy hair,10,10,Mamaearth,,,Effectively solves my hair concerns|Made of natural good quality ingredients and ayurvedic preparation |Does not dry out hair like other natural shampoos|Hair feels soft and shiny post wash,No complaints- love the product!
267769,"Aug 22, 2025, 13:41",3470112,Navdha Shampoo,Curry Cider Shampoo - 250g,35,Combination,Curly / Wavy hair|Oily scalp|Wavy normal hair,10,10,Tresseme,,,Made of natural good quality ingredients and ayurvedic preparation |Good smell and texture|Good foam|Does not dry out hair like other natural shampoos,"Dries out hair post wash|Personally I felt little dryness after shampoo, but if we use conditioner it resolves dryness"
261003,"Aug 18, 2025, 18:41",1212032,Navdha Shampoo,"Five Oil Hibiscus Shampoo - 250g, Aloe Peanut Shampoo - 250g",35,Combination,Dry scalp & Frizzy hair|Curly / Wavy hair,10,10,Loreal,,,SLS Free and Silicone Free|Effectively solves my hair concerns,No complaints- love the product!
248885,"Aug 6, 2025, 12:35",4646655,Navdha Shampoo,Trileaf Rosemary Shampoo - 250g,25,Sensitive,Curly / Wavy hair,10,10,Tresseme,,,Made of natural good quality ingredients and ayurvedic preparation |Hair feels soft and shiny post wash|Good smell and texture,No complaints- love the product!
247807,"Aug 4, 2025, 17:05",4637264,Navdha Shampoo,Trileaf Rosemary Shampoo - 250g,22,Oily,Dry scalp & Frizzy hair,10,10,Mamaearth,,,Made of natural good quality ingredients and ayurvedic preparation |SLS Free and Silicone Free|Good smell and texture,Not effective for hair concern|No complaints- love the product!
247582,"Aug 4, 2025, 17:05",4471644,Navdha Shampoo,"Curry Cider Shampoo - 250g, Five Oil Hibiscus Shampoo - 250g",42,Sensitive,Normal|Curly / Wavy hair,10,10,Forest essentials,,,Does not dry out hair like other natural shampoos|Good smell and texture,No complaints- love the product!
247562,"Aug 4, 2025, 17:05",2665649,Navdha Shampoo,Five Oil Hibiscus Shampoo - 250g,42,Combination,Curly / Wavy hair,10,10,Loreal,,,Hair feels soft and shiny post wash|Does not dry out hair like other natural shampoos|Good smell and texture,No complaints- love the product!
275217,"Aug 28, 2025, 17:17",4758096,Navdha Shampoo,"Five Oil Hibiscus Shampoo - 250g, Castor Blackseed Shampoo - 250g",26,Oily,Dry scalp & Frizzy hair|Oily scalp,10,9,Loreal,,,SLS Free and Silicone Free|Good smell and texture|Made of natural good quality ingredients and ayurvedic preparation |Hair feels soft and shiny post wash|Effectively solves my hair concerns|Does not dry out hair like other natural shampoos,Low foam|No complaints- love the product!
273908,"Aug 27, 2025, 16:16",4752119,Navdha Shampoo,Five Oil Hibiscus Shampoo - 250g,40,Oily,Dry & Damaged,8,9,Dove,,,Hair feels soft and shiny post wash|SLS Free and Silicone Free|Made of natural good quality ingredients and ayurvedic preparation,Do not like smell
273275,"Aug 27, 2025, 16:16",4428578,Navdha Shampoo,Trileaf Rosemary Shampoo - 250g,41,Combination,Curly / Wavy hair|Dry & Damaged,9,9,Pilgrim,,,Made of natural good quality ingredients and ayurvedic preparation,No complaints- love the product!
272368,"Aug 25, 2025, 16:19",4744655,Navdha Shampoo,"Castor Blackseed Shampoo - 250g, Trileaf Rosemary Shampoo - 250g",59,Dry,Curly / Wavy hair|Normal,9,9,Loreal,,,Made of natural good quality ingredients and ayurvedic preparation |SLS Free and Silicone Free|Good smell and texture|Good foam,No complaints- love the product!
272202,"Aug 25, 2025, 16:19",262536,Navdha Shampoo,Five Oil Hibiscus Shampoo - 250g,43,Dry,Curly / Wavy hair,9,9,Loreal,,,Made of natural good quality ingredients and ayurvedic preparation,No complaints- love the product!
267646,"Aug 22, 2025, 13:41",848929,Navdha Shampoo,Five Oil Hibiscus Shampoo - 250g,40,Combination,Coloured|Normal|Dry & Damaged,10,9,Biotique,,,Made of natural good quality ingredients and ayurvedic preparation,No complaints- love the product!
255801,"Aug 12, 2025, 13:55",4495540,Navdha Shampoo,Trileaf Rosemary Shampoo - 250g,24,Normal,Curly / Wavy hair,10,9,Dove,,,Effectively solves my hair concerns,Do not like smell
254360,"Aug 12, 2025, 13:54",2706860,Navdha Shampoo,Trileaf Rosemary Shampoo - 250g - Pack of 2,47,Oily,Curly / Wavy hair,10,9,Tresseme,,,Made of natural good quality ingredients and ayurvedic preparation,Dries out hair post wash
275496,"Aug 28, 2025, 17:17",4756511,Navdha Shampoo,Five Oil Hibiscus Shampoo - 250g,62,Combination,Straight hair|Oily scalp,8,8,Biotique,,,Made of natural good quality ingredients and ayurvedic preparation,No complaints- love the product!
275451,"Aug 28, 2025, 17:17",2676492,Navdha Shampoo,Trileaf Rosemary Shampoo - 250g,43,Combination,Normal,10,8,Sebamed,,,Made of natural good quality ingredients and ayurvedic preparation |Hair feels soft and shiny post wash|SLS Free and Silicone Free|Does not dry out hair like other natural shampoos|Good smell and texture|Effectively solves my hair concerns,No complaints- love the product!
275079,"Aug 28, 2025, 17:17",1067501,Navdha Shampoo,Trileaf Rosemary Shampoo - 250g,37,Dry,"Oily scalp|Straight hair|Dandruff, dry strands",8,8,Home made,,,Made of natural good quality ingredients and ayurvedic preparation,Not effective for hair concern
273174,"Aug 27, 2025, 16:15",4756308,Navdha Shampoo,Five Oil Hibiscus Shampoo - 250g,74,Dry,Dry scalp & Frizzy hair,9,8,Nat Habit is my first!,,,Good smell and texture,Scalp does not feel clean post wash
248272,"Aug 6, 2025, 12:34",3092020,Navdha Shampoo,Curry Cider Shampoo - 250g,45,Normal,Straight hair|Dry scalp & Frizzy hair,10,8,Loreal,,,Does not dry out hair like other natural shampoos,No complaints- love the product!
247973,"Aug 4, 2025, 17:05",770849,Navdha Shampoo,Trileaf Rosemary Shampoo - 250g,41,Combination,Normal,7,8,Amway's satinique and its also a very good shampoo.,,,Made of natural good quality ingredients and ayurvedic preparation |SLS Free and Silicone Free|Does not dry out hair like other natural shampoos,No complaints- love the product!
276494,"Aug 28, 2025, 17:18",319684,Navdha Shampoo,Five Oil Hibiscus Shampoo - 250g,30,Dry,Dry scalp & Frizzy hair,7,7,Prolicious,,,Hair feels soft and shiny post wash,Scalp does not feel clean post wash
265613,"Aug 20, 2025, 16:41",4719382,Navdha Shampoo,Curry Cider Shampoo - 250g,45,Dry,Dry scalp & Frizzy hair,7,7,Tresseme,,,Made of natural good quality ingredients and ayurvedic preparation,No complaints- love the product!
273470,"Aug 27, 2025, 16:16",3569298,Navdha Shampoo,"Aloe Peanut Shampoo - 250g, Curry Cider Shampoo - 250g",52,Dry,Curly / Wavy hair|Dry & Damaged,8,6,Dove,,,SLS Free and Silicone Free|Made of natural good quality ingredients and ayurvedic preparation |Good foam,Dries out hair post wash|Causes increased hairfall|Not effective for hair concern
265171,"Aug 20, 2025, 16:41",4602586,Navdha Shampoo,"Five Oil Hibiscus Shampoo - 250g, Trileaf Rosemary Shampoo - 250g",45,Normal,Dry & Damaged,8,6,Loreal,,,Made of natural good quality ingredients and ayurvedic preparation,Causes increased hairfall
255966,"Aug 12, 2025, 13:55",3858599,Navdha Shampoo,Trileaf Rosemary Shampoo - 250g,33,Oily,Oily scalp,8,5,Traya,,,Made of natural good quality ingredients and ayurvedic preparation,Dries out hair post wash
254475,"Aug 12, 2025, 13:54",4694747,Navdha Shampoo,Five Oil Hibiscus Shampoo - 250g,36,Normal,Curly / Wavy hair|Dry scalp & Frizzy hair,2,4,Biotique,,,,Do not like smell|Causes increased hairfall
276240,"Aug 28, 2025, 17:18",4751075,Navdha Shampoo,Trileaf Rosemary Shampoo - 250g,53,Normal,Coloured,1,3,Nat Habit is my first!,,,,Causes increased hairfall
274859,"Aug 28, 2025, 17:17",4762838,Navdha Shampoo,Trileaf Rosemary Shampoo - 250g,39,Oily,Oily scalp|Dry & Damaged,3,3,Biotique,,,,Scalp does not feel clean post wash|Not effective for hair concern
254303,"Aug 12, 2025, 13:53",4582644,Navdha Shampoo,Five Oil Hibiscus Shampoo - 250g,51,Normal,Dry scalp & Frizzy hair,1,3,Keratase,,,,Dries out hair post wash
251053,"Aug 8, 2025, 11:23",4661655,Nutri Conditioner,Five Oil Hibiscus Conditioner - 150g,56,Normal,Dry scalp & Frizzy hair|Dry & Damaged|Curly / Wavy hair,10,10,Any good,,,"Helps tame frizz and detangle hair easily|Hair feels soft and deeply conditioned post wash|Good texture & easy to spread|Good smell|SLS Free and Silicone Free|Made of natural proteins, butters & other ultra-moisturising good quality ingredients",No complaints- love the product!
251037,"Aug 8, 2025, 11:23",1684681,Nutri Conditioner,Castor Black Seed Conditioner - 150g,43,Normal,Straight hair|Dry scalp & Frizzy hair,10,10,Mamaearth,,,Hair feels soft and deeply conditioned post wash,Leaves hair feeling oily / sticky post-wash
249988,"Aug 7, 2025, 16:02",3883031,Nutri Conditioner,Five Oil Hibiscus Conditioner - 150g,33,Oily,Dry & Damaged|Oily scalp|Straight hair,10,10,Bonacure,,,"Hair feels soft and deeply conditioned post wash|Helps tame frizz and detangle hair easily|Made of natural proteins, butters & other ultra-moisturising good quality ingredients|SLS Free and Silicone Free|Good texture & easy to spread|Good smell",No complaints- love the product!
247979,"Aug 4, 2025, 17:05",4595963,Nutri Conditioner,Five Oil Hibiscus Conditioner - 150g,51,Sensitive,Curly / Wavy hair,10,10,Nat Habit is my first!,,,Helps tame frizz and detangle hair easily,Increased hair fall noticed post wash
267231,"Aug 21, 2025, 18:23",4383094,Nutri Conditioner,Trileaf Rosemary Conditioner - 150g,33,Oily,Curly / Wavy hair|Dry scalp & Frizzy hair,10,9,Loreal,,,Helps tame frizz and detangle hair easily,No complaints- love the product!
255001,"Aug 12, 2025, 13:54",2800232,Nutri Conditioner,Five Oil Hibiscus Conditioner - 150g,45,Sensitive,Straight hair,8,9,Loreal,,,"Hair feels soft and deeply conditioned post wash|Helps tame frizz and detangle hair easily|Made of natural proteins, butters & other ultra-moisturising good quality ingredients|SLS Free and Silicone Free|Good texture & easy to spread|Good smell",Consistency is too thin / watery
248469,"Aug 6, 2025, 12:35",4656313,Nutri Conditioner,Trileaf Rosemary Conditioner - 150g,62,Combination,Straight hair|Oily scalp,8,9,Biotique,,,"Made of natural proteins, butters & other ultra-moisturising good quality ingredients|SLS Free and Silicone Free|Good texture & easy to spread|Good smell|Hair feels soft and deeply conditioned post wash",No complaints- love the product!
247682,"Aug 4, 2025, 17:05",4578330,Nutri Conditioner,Trileaf Rosemary Conditioner - 150g,60,Combination,Curly / Wavy hair|Dry scalp & Frizzy hair,8,7,Loreal,,,Helps tame frizz and detangle hair easily|SLS Free and Silicone Free|Good texture & easy to spread,Consistency is too thin / watery|Increased hair fall noticed post wash
275297,"Aug 28, 2025, 17:17",4531840,Nutri Conditioner,Aloe Peanut Conditioner - 150g,38,Sensitive,Dry scalp & Frizzy hair,3,5,Dove,,,Haven't used yet,Haven't used yet
248574,"Aug 6, 2025, 12:35",4654327,Nutri Conditioner,Five Oil Hibiscus Conditioner - 150g,36,Combination,Dry scalp & Frizzy hair|Coloured|Dry & Damaged|Curly / Wavy hair,7,5,SP,,,"Made of natural proteins, butters & other ultra-moisturising good quality ingredients|SLS Free and Silicone Free",Leaves hair frizzy and dry post-wash|Increased hair fall noticed post wash
265268,"Aug 20, 2025, 16:41",4726521,Nutri Conditioner,Five Oil Hibiscus Conditioner - 150g,30,Combination,Normal,3,3,Khadi Natural,,,,Increased hair fall noticed post wash
274807,"Aug 27, 2025, 16:17",4683250,Nutrimask,Five Oil Hibiscus NutriMask - Pack of 3,60,Dry,Straight hair|Normal,10,10,Nat Habit is my first!,,,Post-wash hair feels smooth and soft,No complaints- love the product!
273282,"Aug 27, 2025, 16:16",4755393,Nutrimask,Five Oil Hibiscus NutriMask - Pack of 3,35,Combination,Curly / Wavy hair,10,10,Nat Habit is my first!,,,Made of natural good quality ingredients|Easy to use & apply,Do not like smell |Post wash hair feels too dry or too oily
265520,"Aug 20, 2025, 16:41",4724381,Nutrimask,Five Oil Hibiscus NutriMask - Pack of 3,54,Dry,Curly / Wavy hair,8,10,Didn't use,,,Effectively treats my my hair concerns|Good value for money|Easy to use & apply|Made of natural good quality ingredients,No complaints- love the product!
263949,"Aug 19, 2025, 12:24",4715570,Nutrimask,Five Oil Hibiscus NutriMask - Pack of 2,41,Dry,Straight hair|Curly / Wavy hair,9,10,Nat Habit is my first!,,,Post-wash hair feels smooth and soft|Made of natural good quality ingredients|Easy to use & apply|Good value for money,No complaints- love the product!
251267,"Aug 8, 2025, 11:24",4294648,Nutrimask,Five Oil Hibiscus NutriMask - Pack of 3,39,Combination,Curly / Wavy hair|Dry scalp & Frizzy hair|Coloured|Dry & Damaged,10,10,Wella,,,Post-wash hair feels smooth and soft|Effectively treats my my hair concerns|Good value for money|Easy to use & apply,No complaints- love the product!
249486,"Aug 7, 2025, 16:02",4460771,Nutrimask,Five Oil Hibiscus NutriMask - Pack of 3,43,Dry,Straight hair|Dry & Damaged|Dry scalp & Frizzy hair,8,10,Nat Habit is my first!,,,Effectively treats my my hair concerns|Easy to use & apply|Made of natural good quality ingredients|Good value for money,Post wash hair feels too dry or too oily|Quantitiy of product is less
247158,"Aug 4, 2025, 17:04",2018965,Nutrimask,Five Oil Hibiscus NutriMask - Pack of 3,22,Combination,Curly / Wavy hair|Dry scalp & Frizzy hair,10,10,BBLUNT,,,Made of natural good quality ingredients,Quantitiy of product is less
262150,"Aug 18, 2025, 18:42",4711954,Nutrimask,Crushed Tri-Leaf NutriMask - Pack of 2,45,Sensitive,Curly / Wavy hair|Coloured,9,9,Pilgrim,,,Post-wash hair feels smooth and soft|Made of natural good quality ingredients|Effectively treats my my hair concerns,Do not like smell |Quantitiy of product is less|Grainy texture causes itchiness first time
249184,"Aug 6, 2025, 12:35",2544563,Nutrimask,"Crushed Tri-Leaf NutriMask - Pack of 2, Shea Mustard NutriMask  - Pack of 2",35,Combination,Straight hair|Dry scalp & Frizzy hair,10,9,Schwarzkopf Professional,,,Made of natural good quality ingredients,Do not like smell |Post wash hair feels too dry or too oily
248367,"Aug 6, 2025, 12:34",3619817,Nutrimask,Five Oil Hibiscus NutriMask - Pack of 3,40,Normal,Straight hair|Normal,9,9,Nat Habit is my first!,,,Made of natural good quality ingredients,Quantitiy of product is less
248093,"Aug 6, 2025, 12:34",3909679,Nutrimask,Five Oil Hibiscus NutriMask - Pack of 3,40,Normal,Curly / Wavy hair|Dry scalp & Frizzy hair,9,9,Home made mask,,,Good value for money|Effectively treats my my hair concerns|Post-wash hair feels smooth and soft|Easy to use & apply|Made of natural good quality ingredients,No complaints- love the product!
273139,"Aug 27, 2025, 16:15",1059355,Nutrimask,"Five Oil Hibiscus NutriMask - Pack of 3, Curry Sesame NutriMask - Pack of 3, Crushed Tri-Leaf NutriMask - Pack of 3",44,Dry,Curly / Wavy hair,7,8,Foreign origin,,,Post-wash hair feels smooth and soft|Made of natural good quality ingredients|Easy to use & apply|Effectively treats my my hair concerns,Quantitiy of product is less|Causes increased hairfall
265436,"Aug 20, 2025, 16:41",4725210,Nutrimask,Five Oil Hibiscus NutriMask - Pack of 2,41,Combination,Normal,8,8,Nat Habit is my first!,,,Post-wash hair feels smooth and soft,Quantitiy of product is less
265386,"Aug 20, 2025, 16:41",4424088,Nutrimask,Crushed Tri-Leaf NutriMask - Pack of 2,35,Sensitive,Normal,9,8,Nat Habit is my first!,,,Made of natural good quality ingredients,Post wash hair feels too dry or too oily
264409,"Aug 20, 2025, 16:40",2902489,Nutrimask,"Neem & Bhringraj NutriMask - Pack of 2, Five Oil Hibiscus NutriMask - Pack of 2",20,Sensitive,Curly / Wavy hair|Dry & Damaged|Dry scalp & Frizzy hair,9,8,Nat Habit is my first!,,,Post-wash hair feels smooth and soft|Made of natural good quality ingredients,Do not like pouch packaging
251102,"Aug 8, 2025, 11:23",4579393,Nutrimask,"Men's 8 Herbs Hair Revital NutriMask - Pack of 3, Five Oil Hibiscus NutriMask - Pack of 3",41,Dry,Dry & Damaged,10,8,Nat Habit is my first!,,,Made of natural good quality ingredients,Quantitiy of product is less
249964,"Aug 7, 2025, 16:02",4657926,Nutrimask,Five Oil Hibiscus NutriMask - Pack of 2,23,Combination,Dry & Damaged,8,8,Nat Habit is my first!,,,Made of natural good quality ingredients,Quantitiy of product is less
276481,"Aug 28, 2025, 17:18",616263,Nutrimask,Five Oil Hibiscus NutriMask - Pack of 2,58,Normal,Oily scalp,6,7,Nat Habit is my first!,,,Post-wash hair feels smooth and soft,Causes increased hairfall
275617,"Aug 28, 2025, 17:18",4534648,Nutrimask,Shea Mustard NutriMask  - Pack of 2,45,Dry,Curly / Wavy hair|Dry & Damaged,2,2,Nat Habit is my first!,,,,Do not like smell |Post wash hair feels too dry or too oily|Do not like texture|Quantitiy of product is less
254618,"Aug 12, 2025, 13:54",4568104,Nutrimask,Five Oil Hibiscus NutriMask - Pack of 3,24,Oily,Oily scalp,1,1,Nat Habit is my first!,,,,Causes increased hairfall
256742,"Aug 14, 2025, 16:03",4164151,Post-Henna Oil,Post-Henna Stain Boost Oil,36,Combination,Oily scalp|Coloured|Curly / Wavy hair,10,10,Shehnaaz,,,Darkens my henna colour|Like the smell|High purity- made of natural good quality ingredients,Low value for money
249363,"Aug 7, 2025, 16:02",1221415,Post-Henna Oil,Post-Henna Stain Boost Oil,63,Normal,Curly / Wavy hair|Normal,8,10,Garniar,,,Like the smell|Gives good conditioning|Texture is lightweight and non-sticky,No complaints- love the product!
248664,"Aug 6, 2025, 12:35",1060301,Post-Henna Oil,Post-Henna Stain Boost Oil,51,Oily,Curly / Wavy hair|Dry scalp & Frizzy hair|Dry & Damaged,10,10,Nat Habit is my first!,,,Darkens my henna colour,No complaints- love the product!
250329,"Aug 7, 2025, 16:03",4633184,Post-Henna Oil,Post-Henna Stain Boost Oil,45,Sensitive,Straight hair,10,9,Indus Valley,,,Gives good conditioning,No complaints- love the product!
248318,"Aug 6, 2025, 12:34",1420761,Post-Henna Oil,Post-Henna Stain Boost Oil,61,Normal,Dry scalp & Frizzy hair,9,9,Nat Habit is my first!,,,Darkens my henna colour,Does not give expected colour to hair
245121,"Aug 1, 2025, 13:44",4628508,Post-Henna Oil,Post-Henna Stain Boost Oil,50,Dry,Dry & Damaged,9,8,Godrej Nupur,,,Like the smell|Texture is lightweight and non-sticky,Does not give expected colour to hair
249243,"Aug 7, 2025, 16:01",3133643,Post-Henna Oil,Post-Henna Stain Boost Oil,40,Combination,Curly / Wavy hair,1,1,Nat Habit is my first!,,,,Does not give expected colour to hair
254600,"Aug 12, 2025, 13:54",4294544,Pure Baby Oil,Pure Olive Baby Oil  - 200 ml,31,Dry,Dry scalp & Frizzy hair|Straight hair,10,10,Figaro baby,,,Is effective and gives good results|High purity- free of liquid paraffin and mineral oils|Suits baby's skin & safe to apply,No complaints- love the product!
267950,"Aug 22, 2025, 13:42",4214035,Pure Baby Oil,Pure Almond Baby Oil - 100 ml,28,Oily,Straight hair,9,8,Nat Habit is my first!,,,Suits baby's skin & safe to apply,No complaints- love the product!
260597,"Aug 16, 2025, 12:45",327897,Pure Netraa,Netraa Cream - UnderEye Vit-E Cream,35,Combination,Curly / Wavy hair|Dry scalp & Frizzy hair|Coloured,10,10,Nat Habit is my first!,,,Made of natural good quality ingredients|Effective for dark circles|Easy to apply,No complaints- love the product!
252278,"Aug 10, 2025, 10:46",4626619,Pure Netraa,Netraa Cream - UnderEye Vit-E Cream,35,Combination,Curly / Wavy hair|Dry scalp & Frizzy hair|Dry & Damaged,10,10,Nat Habit is my first!,,,Effective for dark circles|Made of natural good quality ingredients,No complaints- love the product!
244894,"Aug 1, 2025, 13:43",4543772,Pure Netraa,Netraa Cream - UnderEye Vit-E Cream,45,Dry,Oily scalp,10,10,Nat Habit is my first!,,,Effective for dark circles,No complaints- love the product!
269777,"Aug 24, 2025, 12:35",727125,Pure Netraa,Netraa - Under Eye Roll On Serum,42,Normal,Curly / Wavy hair,8,9,Nat Habit is my first!,,,Good value for money,Causes eyes to water post-use
250933,"Aug 8, 2025, 11:23",4664162,Pure Netraa,Netraa Cream - UnderEye Vit-E Cream,26,Sensitive,Straight hair|Dry & Damaged,9,7,Nat Habit is my first!,,,Easy to apply,"Haven't been showing the results yet, lets see!"
275446,"Aug 28, 2025, 17:17",2338573,Soap,"Turmeric Oats Soap - Pack of 2, Milk Rosehip Soap - Pack of 2",45,Dry,Curly / Wavy hair,10,10,"Medimix, Mysore Sandal",,,Made of pure oils and good quality natural ingredients|Skin does not dry out post wash|Good smell|Leaves skin feeling refreshed post-wash,No complaints- love the product!
273331,"Aug 27, 2025, 16:16",3319417,Soap,Orange Soap - Single Pack,26,Combination,Curly / Wavy hair|Dry scalp & Frizzy hair,10,10,Dove,,,Skin does not dry out post wash|Made of pure oils and good quality natural ingredients,Should have more variants
273269,"Aug 27, 2025, 16:16",4262502,Soap,"Orange Soap - Pack of 2, Sandalwood Soap - Pack of 2",30,Combination,Straight hair,10,10,Santoor,,,Leaves skin feeling refreshed post-wash|Good value for money,No complaints- love the product!
265109,"Aug 20, 2025, 16:41",2670016,Soap,Tomato Basil - Pack of 2,48,Sensitive,Normal,10,10,Dove,,,Skin does not dry out post wash,No complaints- love the product!
263458,"Aug 19, 2025, 12:23",2833641,Soap,"Orange Soap - Pack of 2, Tomato Basil - Pack of 2",29,Sensitive,Dry & Damaged,10,10,Was using body wash,,,Made of pure oils and good quality natural ingredients|Good value for money|Skin does not dry out post wash|Good smell,Product is expensive
263455,"Aug 19, 2025, 12:23",3052234,Soap,"Orange Soap - Single Pack, Sandalwood Soap - Single Pack",31,Combination,Curly / Wavy hair,9,10,Dove,,,Leaves skin feeling refreshed post-wash|Skin does not dry out post wash|Made of pure oils and good quality natural ingredients|Good value for money|Good smell,No complaints- love the product!|Product is expensive
258334,"Aug 15, 2025, 17:29",4707206,Soap,Neem Basil Soap - Pack of 2,40,Normal,Straight hair,10,10,Vaadi,,,Leaves skin feeling refreshed post-wash|Made of pure oils and good quality natural ingredients,Product is expensive
249083,"Aug 6, 2025, 12:35",4639320,Soap,"Charcoal Soap - Single Pack, Neem Basil Soap - Pack of 2",49,Combination,Oily scalp,10,10,Was using body wash,,,Good value for money|Good smell|Leaves skin feeling refreshed post-wash|Made of pure oils and good quality natural ingredients,Product is expensive
248325,"Aug 6, 2025, 12:34",2825775,Soap,"Milk Rosehip Soap - Single Pack, Sandalwood Soap - Pack of 2",30,Combination,Straight hair|Oily scalp,10,10,Was using body wash,,,Skin does not dry out post wash|Made of pure oils and good quality natural ingredients|Good smell|Leaves skin feeling refreshed post-wash,Product is expensive
247039,"Aug 4, 2025, 17:04",3226476,Soap,"Turmeric Oats Soap - Pack of 2, Sandalwood Soap - Pack of 2, Charcoal Soap - Pack of 2, Apricot Soap - Pack of 2",34,Oily,Coloured|Oily scalp|Curly / Wavy hair,10,10,Aayurbedic,,,Made of pure oils and good quality natural ingredients|Skin does not dry out post wash|Good smell|Leaves skin feeling refreshed post-wash,No complaints- love the product!
266393,"Aug 21, 2025, 18:22",1796701,Soap,Tomato Basil - Pack of 2,46,Normal,Oily scalp,9,9,Other handmade soaps and body wash,,,Skin does not dry out post wash|Good value for money,No complaints- love the product!|Soaps can be of rounded edges to ease grip
255591,"Aug 12, 2025, 13:55",4681403,Soap,Sandalwood Soap - Single Pack,58,Oily,Straight hair,9,9,Fiama,,,Skin does not dry out post wash|Good smell|Made of pure oils and good quality natural ingredients|Leaves skin feeling refreshed post-wash,Product finishes too quickly|Product is expensive
250959,"Aug 8, 2025, 11:23",4452358,Soap,"Orange Soap - Single Pack, Apricot Soap - Single Pack",27,Sensitive,Dry & Damaged|Straight hair,9,9,Santoor,,,Made of pure oils and good quality natural ingredients|Skin does not dry out post wash|Leaves skin feeling refreshed post-wash,Product finishes too quickly
248090,"Aug 6, 2025, 12:34",240504,Soap,Neem Basil Soap - Pack of 2,60,Combination,Straight hair|Dry & Damaged,9,9,Nat Habit is my first!,,,Leaves skin feeling refreshed post-wash,No complaints- love the product!
245773,"Aug 2, 2025, 15:04",2572813,Soap,Charcoal Soap - Pack of 2,50,Normal,Straight hair|Normal,9,9,Dove,,,Good smell|Skin does not dry out post wash,Product is expensive
274154,"Aug 27, 2025, 16:16",4149777,Soap,"Sandalwood Soap - Single Pack, Milk Rosehip Soap - Single Pack",45,Sensitive,Dry & Damaged,10,8,Was using body wash,,,Made of pure oils and good quality natural ingredients,I haven’t used it myself so shouldn’t really comment
265272,"Aug 20, 2025, 16:41",4631074,Soap,Tomato Basil - Pack of 2,31,Dry,Dry scalp & Frizzy hair|Dry & Damaged,8,5,Fiama,,,Good smell,Dries out skin post wash|Product is expensive
275670,"Aug 28, 2025, 17:18",3503808,Tikta,Moringa Vit-C Tikta Cream Face Wash,41,Oily,Dry scalp & Frizzy hair|Oily scalp,10,10,Soap,,,Good cleansing effect|Leaves face feeling refreshed post-wash|Does not contain SLS and parabens|Made of only natural good quality ingredients,Product is expensive|Dries out my skin
273074,"Aug 27, 2025, 16:15",867947,Tikta,Ubtan Tikta Face Wash,25,Normal,Oily scalp|Straight hair|Dry scalp & Frizzy hair,10,10,Mamaearth,,,Good cleansing effect,No complaints- love the product!
272956,"Aug 27, 2025, 16:15",3283910,Tikta,Ubtan Tikta Face Wash,42,Normal,Curly / Wavy hair,10,10,Medimix,,,Good cleansing effect|Made of only natural good quality ingredients|Leaves face feeling refreshed post-wash|Good value for money|Non-drying and gentle on skin,Product is expensive
272724,"Aug 25, 2025, 16:20",4740697,Tikta,Bitter Neem Tikta Cream Face Wash,38,Oily,Dry & Damaged,10,10,Mamaearth,,,Made of only natural good quality ingredients|Good cleansing effect|Leaves face feeling refreshed post-wash|Good value for money|Non-drying and gentle on skin|Does not contain SLS and parabens,No complaints- love the product!
269707,"Aug 24, 2025, 12:35",1093284,Tikta,"Bitter Neem Tikta Gel Face Wash, Masoor Dal Tikta Face Wash, Kali Mitti Face Wash",59,Sensitive,Straight hair|Normal|Coloured,10,10,Himalaya,,,Made of only natural good quality ingredients|Good cleansing effect|Leaves face feeling refreshed post-wash|Good value for money|Non-drying and gentle on skin|Does not contain SLS and parabens,No complaints- love the product!
269449,"Aug 23, 2025, 14:50",1369488,Tikta,"Masoor Dal Tikta Face Wash, Moringa Vit-C Tikta Cream Face Wash",58,Normal,Oily scalp,10,10,Clean & Clear,,,Made of only natural good quality ingredients|Good cleansing effect|Leaves face feeling refreshed post-wash|Good value for money|Non-drying and gentle on skin|Does not contain SLS and parabens,No
266482,"Aug 21, 2025, 18:22",4640305,Tikta,Ubtan Tikta Face Wash,44,Oily,Curly / Wavy hair|Dry & Damaged|Dry scalp & Frizzy hair|Coloured,10,10,Mamaearth,,,Good cleansing effect|Leaves face feeling refreshed post-wash|Made of only natural good quality ingredients|Non-drying and gentle on skin|Does not contain SLS and parabens,Product is expensive
260097,"Aug 16, 2025, 12:45",4709209,Tikta,Masoor Dal Tikta Face Wash,30,Normal,Normal,10,10,Dot and Key,,,Good cleansing effect|Leaves face feeling refreshed post-wash|Good value for money|Non-drying and gentle on skin|Does not contain SLS and parabens|Made of only natural good quality ingredients,No complaints- love the product!
258678,"Aug 15, 2025, 17:29",4704428,Tikta,Moringa Vit-C Tikta Cream Face Wash,36,Normal,Curly / Wavy hair,10,10,Himalaya,,,Made of only natural good quality ingredients|Good cleansing effect|Leaves face feeling refreshed post-wash|Good value for money|Non-drying and gentle on skin,No complaints- love the product!
255122,"Aug 12, 2025, 13:54",3128019,Tikta,Ubtan Tikta Face Wash,40,Normal,Normal,10,10,Nat Habit is my first!,,,Good cleansing effect,Product is expensive
249064,"Aug 6, 2025, 12:35",1889282,Tikta,Bitter Milk Tikta Cream Face Wash,32,Combination,Dry scalp & Frizzy hair|Curly / Wavy hair,10,10,Clean & Clear,,,Leaves face feeling refreshed post-wash|Good cleansing effect|Made of only natural good quality ingredients,Dries out my skin
248957,"Aug 6, 2025, 12:35",3330232,Tikta,Kali Mitti Face Wash,35,Oily,Dry scalp & Frizzy hair|Normal,10,10,Himalaya,,,Made of only natural good quality ingredients,Product is expensive
247841,"Aug 4, 2025, 17:05",2771522,Tikta,Bitter Neem Tikta Gel Face Wash,26,Oily,Straight hair,10,10,Cetaphil,,,Made of only natural good quality ingredients|Good cleansing effect|Leaves face feeling refreshed post-wash|Good value for money|Non-drying and gentle on skin,No complaints- love the product!
247130,"Aug 4, 2025, 17:04",4346308,Tikta,Ubtan Tikta Face Wash,32,Sensitive,Dry & Damaged,10,10,Nat Habit is my first!,,,Made of only natural good quality ingredients,No complaints- love the product!
276464,"Aug 28, 2025, 17:18",4738580,Tikta,"Brightening Ubtan Face Wash - Pack of 2, Roasted Chicory Tikta Cream Face Wash",19,Combination,Normal,8,9,Mamaearth,,,Made of only natural good quality ingredients|Non-drying and gentle on skin,Product is expensive
274622,"Aug 27, 2025, 16:17",168694,Tikta,Kali Mitti Face Wash,33,Combination,Curly / Wavy hair|Normal,9,9,Nat Habit is my first!,,,Good cleansing effect|Leaves face feeling refreshed post-wash,Product is expensive|No complaints- love the product!
273976,"Aug 27, 2025, 16:16",3895919,Tikta,Roasted Chicory Tikta Gel Face Wash,35,Oily,Dry scalp & Frizzy hair,5,9,Mamaearth,,,Made of only natural good quality ingredients,No complaints- love the product!
264590,"Aug 20, 2025, 16:40",3268107,Tikta,Moringa Vit-C Tikta Gel Face Wash,40,Sensitive,Normal,9,9,Vedix,,,Good cleansing effect|Leaves face feeling refreshed post-wash|Non-drying and gentle on skin|Does not contain SLS and parabens|Good value for money|Made of only natural good quality ingredients,No complaints- love the product!
260989,"Aug 18, 2025, 18:41",4593934,Tikta,Ubtan Tikta Face Wash,50,Combination,Dry scalp & Frizzy hair,8,9,Cetaphil,,,Good cleansing effect|Non-drying and gentle on skin,No complaints- love the product!
259803,"Aug 16, 2025, 12:44",2455815,Tikta,Masoor Dal Tikta Face Wash,52,Combination,Normal,9,9,Himalaya,,,Good cleansing effect|Made of only natural good quality ingredients|Leaves face feeling refreshed post-wash|Non-drying and gentle on skin|Does not contain SLS and parabens,Product is expensive
255436,"Aug 12, 2025, 13:54",195391,Tikta,Bitter Neem Tikta Gel Face Wash,49,Normal,Curly / Wavy hair,10,9,Cosmoderm,,,Good cleansing effect|Does not contain SLS and parabens|Leaves face feeling refreshed post-wash,No complaints- love the product!
248756,"Aug 6, 2025, 12:35",3840248,Tikta,"Ubtan Tikta Face Wash, Moringa Vit-C Tikta Gel Face Wash",19,Normal,Normal,10,9,Nat Habit is my first!,,,Made of only natural good quality ingredients,Gives less foam
248261,"Aug 6, 2025, 12:34",4077201,Tikta,Bitter Neem Tikta Gel Face Wash,46,Oily,Normal,9,9,Himalaya,,,Good cleansing effect,Gives less foam
263967,"Aug 19, 2025, 12:24",4715072,Tikta,Ubtan Tikta Face Wash,26,Combination,Dry scalp & Frizzy hair,8,8,Dot and Key,,,Non-drying and gentle on skin,Gives less foam
258974,"Aug 15, 2025, 17:30",2328654,Tikta,Ubtan Tikta Face Wash,44,Combination,Dry & Damaged,8,8,Nat Habit is my first!,,,Non-drying and gentle on skin|Leaves face feeling refreshed post-wash|Made of only natural good quality ingredients,No complaints- love the product!
259113,"Aug 15, 2025, 17:30",4631445,Tikta,Ubtan Tikta Face Wash,29,Normal,Normal,10,7,Nat Habit is my first!,,,Good cleansing effect,No complaints- love the product!
247865,"Aug 4, 2025, 17:05",2145561,Tikta,"Moringa Vit-C Tikta Gel Face Wash, Ubtan Tikta Face Wash",33,Sensitive,Dry & Damaged,7,7,Cetaphil,,,Good cleansing effect,Do not like consistency of product
274309,"Aug 27, 2025, 16:17",4748583,Tikta,Brightening Ubtan Face Wash - Pack of 2,28,Normal,Dry & Damaged,5,6,Dot and Key,,,Made of only natural good quality ingredients|Does not contain SLS and parabens|Non-drying and gentle on skin,Product is expensive
275807,"Aug 28, 2025, 17:18",92220,Tikta,"Masoor Dal Tikta Face Wash, Bitter Neem Tikta Cream Face Wash",43,Combination,Oily scalp|Coloured|Dry & Damaged|Sensitive scalp,7,5,Derma Co.,,,Made of only natural good quality ingredients|Non-drying and gentle on skin|Does not contain SLS and parabens|Good value for money,"Do not like consistency of product|The Masoor dal Tikta face wash tube puffs up on its own, and contents spurt out when opened."
256820,"Aug 14, 2025, 16:03",4602736,Tikta,Bitter Neem Gel Face Wash - Pack of 2,40,Oily,Straight hair,6,5,Cetaphil,,,Leaves face feeling refreshed post-wash,Product is expensive
275836,"Aug 28, 2025, 17:18",4754764,Ubtan,Delicate Rose Daily Ubtan + Sweet Orange Daily Ubtan,16,Normal,Dry scalp & Frizzy hair,10,10,Home-made,,,Made of all-natural good quality ingredients,Do not like pouch packaging
272707,"Aug 25, 2025, 16:20",4741070,Ubtan,Delicate Rose Daily Ubtan + Sweet Orange Daily Ubtan,45,Dry,Straight hair|Dry & Damaged,5,10,Home-made,,,Skin feels clean and refreshed post wash|Easy to use & apply|Made of all-natural good quality ingredients,No complaints- love the product!
262199,"Aug 18, 2025, 18:42",4710764,Ubtan,Sweet Orange Ubtan - Single Pack,35,Oily,Normal,9,10,Nat Habit is my first!,,,Good value for money,No complaints- love the product!
261190,"Aug 18, 2025, 18:41",284035,Ubtan,Delicate Rose Daily Ubtan + Sweet Orange Daily Ubtan,50,Dry,Straight hair|Dry & Damaged|Dry scalp & Frizzy hair,10,10,Mamaearth,,,Made of all-natural good quality ingredients,No complaints- love the product!
259931,"Aug 16, 2025, 12:45",4528338,Ubtan,Delicate Rose Daily Ubtan + Sweet Orange Daily Ubtan,61,Sensitive,Curly / Wavy hair|Coloured,10,10,Home-made,,,Made of all-natural good quality ingredients,No complaints- love the product!
259257,"Aug 15, 2025, 17:30",4678187,Ubtan,Delicate Rose Daily Ubtan + Sweet Orange Daily Ubtan,45,Dry,Dry scalp & Frizzy hair,10,10,Home-made,,,Made of all-natural good quality ingredients,Quantity of product is less
255433,"Aug 12, 2025, 13:54",4684125,Ubtan,Delicate Rose Daily Ubtan + Sweet Orange Daily Ubtan,38,Sensitive,Oily scalp,8,10,Forest Essentials,,,Skin feels clean and refreshed post wash|Made of all-natural good quality ingredients|Easy to use & apply,No complaints- love the product!
248742,"Aug 6, 2025, 12:35",4458443,Ubtan,Delicate Rose Daily Ubtan + Sweet Orange Daily Ubtan,30,Oily,Oily scalp|Curly / Wavy hair|With severe hairfall,10,10,Nat Habit is my first!,,,Skin feels clean and refreshed post wash|Made of all-natural good quality ingredients|Easy to use & apply,No complaints- love the product!
246469,"Aug 4, 2025, 17:04",4656320,Ubtan,Delicate Rose Daily Ubtan + Sweet Orange Daily Ubtan,57,Dry,Curly / Wavy hair|Coloured|Dry scalp & Frizzy hair,10,10,Home made,,,Skin feels clean and refreshed post wash|Made of all-natural good quality ingredients|Easy to use & apply,No complaints- love the product!
275095,"Aug 28, 2025, 17:17",4759164,Ubtan,Delicate Rose Daily Ubtan + Sweet Orange Daily Ubtan,22,Oily,Dry scalp & Frizzy hair,9,9,Home-made,,,Made of all-natural good quality ingredients|Skin feels clean and refreshed post wash,Do not like pouch packaging
273810,"Aug 27, 2025, 16:16",1215025,Ubtan,Delicate Rose Daily Ubtan + Sweet Orange Daily Ubtan,31,Oily,Oily scalp|Curly / Wavy hair,8,9,Nat Habit is my first!,,,Skin feels clean and refreshed post wash|Made of all-natural good quality ingredients|Easy to use & apply,Quantity of product is less
273776,"Aug 27, 2025, 16:16",2337577,Ubtan,Delicate Rose Daily Ubtan + Sweet Orange Daily Ubtan,36,Normal,Straight hair,8,9,Nat Habit is my first!,,,Made of all-natural good quality ingredients,Quantity of product is less
273771,"Aug 27, 2025, 16:16",866389,Ubtan,Delicate Rose Daily Ubtan + Sweet Orange Daily Ubtan,46,Normal,Curly / Wavy hair,8,9,Mamaearth,,,Skin feels clean and refreshed post wash|Easy to use & apply,Do not like pouch packaging|Quantity of product is less
265354,"Aug 20, 2025, 16:41",4726230,Ubtan,Delicate Rose Daily Ubtan + Sweet Orange Daily Ubtan,26,Combination,Dry scalp & Frizzy hair,8,9,Nat Habit is my first!,,,Made of all-natural good quality ingredients|Good value for money|Skin feels clean and refreshed post wash|Easy to use & apply,No complaints- love the product!
255367,"Aug 12, 2025, 13:54",4357826,Ubtan,Delicate Rose Daily Ubtan + Sweet Orange Daily Ubtan,43,Normal,Normal,10,9,Nat Habit is my first!,,,Easy to use & apply|Skin feels clean and refreshed post wash,No complaints- love the product!
275137,"Aug 28, 2025, 17:17",1808048,Ubtan,Delicate Rose Daily Ubtan + Sweet Orange Daily Ubtan,45,Combination,Straight & curly mix,8,8,Nat Habit is my first!,,,Skin feels clean and refreshed post wash,No complaints- love the product!
274884,"Aug 28, 2025, 17:17",4138414,Ubtan,Delicate Rose Daily Ubtan + Sweet Orange Daily Ubtan,41,Combination,Straight hair|Dry & Damaged,9,8,Mamaearth,,,Skin feels clean and refreshed post wash|Made of all-natural good quality ingredients,Do not like pouch packaging
273306,"Aug 27, 2025, 16:16",4609652,Ubtan,Delicate Rose Daily Ubtan + Sweet Orange Daily Ubtan,60,Sensitive,Curly / Wavy hair|Oily scalp|Frizzy hair,9,8,Home-made,,,Easy to use & apply|Made of all-natural good quality ingredients,Didn't find any improvement of my skin
264698,"Aug 20, 2025, 16:40",4730664,Ubtan,Delicate Rose Ubtan - Pack of 2,42,Normal,Dry scalp & Frizzy hair,8,8,Home-made,,,Easy to use & apply,Quantity of product is less
262387,"Aug 18, 2025, 18:42",4689479,Ubtan,Delicate Rose Daily Ubtan + Sweet Orange Daily Ubtan,37,Combination,Dry & Damaged,7,8,Mamaearth,,,Skin feels clean and refreshed post wash,Do not like smell
249067,"Aug 6, 2025, 12:35",4640267,Ubtan,Delicate Rose Daily Ubtan + Sweet Orange Daily Ubtan,20,Oily,Curly / Wavy hair|Oily scalp|Dry & Damaged,9,8,Nat Habit is my first!,,,Skin feels clean and refreshed post wash|Made of all-natural good quality ingredients|Easy to use & apply,Quantity of product is less
275113,"Aug 28, 2025, 17:17",3216890,Ubtan,Delicate Rose Daily Ubtan + Sweet Orange Daily Ubtan,32,Combination,Oily scalp|Curly / Wavy hair,6,7,Nat Habit is my first!,,,Easy to use & apply|Skin feels clean and refreshed post wash,Quantity of product is less
261079,"Aug 18, 2025, 18:41",195624,Ubtan,Sweet Orange Ubtan - Pack of 2,42,Dry,Normal|Dry & Damaged,7,7,Home-made,,,Skin feels clean and refreshed post wash,Do not like pouch packaging
257521,"Aug 14, 2025, 16:04",4434856,Ubtan,Delicate Rose Daily Ubtan + Sweet Orange Daily Ubtan,31,Normal,Curly / Wavy hair,8,6,Along with home made some other Korean face packs,,,Made of all-natural good quality ingredients|Good value for money|Easy to use & apply,A bit heavy on my skin
256507,"Aug 14, 2025, 16:03",4700550,Ubtan,"Delicate Rose Ubtan - Single Pack, Delicate Rose Daily Ubtan + Sweet Orange Daily Ubtan",46,Combination,Straight hair,8,6,Home-made,,,Easy to use & apply|Skin feels clean and refreshed post wash,Quantity of product is less
248675,"Aug 6, 2025, 12:35",4651269,Ubtan,Delicate Rose Daily Ubtan + Sweet Orange Daily Ubtan,32,Normal,Curly / Wavy hair,1,1,Home-made,,,,Quality
248661,"Aug 6, 2025, 12:35",4122083,UnderArm Ubtan,Lemon Drop UnderArm Ubtan - Pack of 2,54,Dry,Curly / Wavy hair|Dry scalp & Frizzy hair|Coloured,10,10,Nat Habit is my first!,,,Made of only good quality natural ingredients|Good value for money|Easy to use & apply|Effective product- I can see the results!,No complaints- love the product!
275747,"Aug 28, 2025, 17:18",1374674,UnderArm Ubtan,Raw Potato Underarm Ubtan + White Yogurt Underarm Ubtan,53,Combination,Straight hair|Oily scalp,8,8,Nat Habit is my first!,,,Made of only good quality natural ingredients|Easy to use & apply,Quantity of product is less|Does not give good exfoliation