2026-08-03 18:16:47,,,,,,,,,,,,,,,,
onb_month,first_order,sec_order,sec_pct,avg_days_to_sec,third_order,third_pct,avg_days_to_third,fourth_order,fourth_pct,avg_days_to_fourth,fifth_order,fifth_pct,avg_days_to_fifth,sixth_order,sixth_pct,avg_days_to_sixth
2019-03-01,1,1,100%,30,1,100%,1,1,100%,15,1,100%,8,1,100%,50
2019-04-01,19,15,79%,203.9333333,11,58%,123.9090909,9,47%,338,8,42%,132.125,8,42%,226.375
2019-05-01,122,99,81%,233.3737374,83,68%,305.8795181,66,54%,112.4090909,60,49%,143.9,53,43%,149.8490566
2019-06-01,197,143,73%,314.5594406,109,55%,193.8990826,95,48%,228.1473684,75,38%,194.9733333,63,32%,202.7142857
2019-07-01,686,493,72%,280.1338742,380,55%,205.1789474,301,44%,214.3887043,252,37%,193.3095238,204,30%,158.9460784
2019-08-01,702,487,69%,257.4579055,377,54%,215.7904509,311,44%,175.6913183,267,38%,202.835206,218,31%,144.6055046
2019-09-01,1237,813,66%,232.8733087,595,48%,206.2504202,459,37%,196.3681917,368,30%,154.375,300,24%,185.9766667
2019-10-01,1095,715,65%,266.2685315,505,46%,212.0257426,390,36%,205.9205128,299,27%,181.4080268,238,22%,218.9831933
2019-11-01,727,476,65%,192.5588235,351,48%,230.5099715,270,37%,204.962963,197,27%,166.1979695,158,22%,179.2278481
2019-12-01,608,385,63%,243.8857143,265,44%,255.6603774,195,32%,197.8410256,155,25%,238.6258065,122,20%,167.6639344
2020-01-01,1236,766,62%,274.5417755,526,43%,246.1368821,381,31%,214.1889764,299,24%,221.5250836,226,18%,189.1238938
2020-02-01,1642,917,56%,315.2333697,578,35%,278.9411765,416,25%,228.5576923,312,19%,192.8108974,249,15%,182.6827309
2020-03-01,1221,644,53%,417.7375776,455,37%,260.8681319,333,27%,253.2012012,248,20%,183.5524194,198,16%,201.0858586
2020-06-01,1,1,100%,32,0,0%,,0,0%,,0,0%,,0,0%,
2020-07-01,3407,2028,60%,253.6203156,1392,41%,215.1637931,1026,30%,204.9239766,771,23%,175.8690013,605,18%,171.1487603
2020-08-01,6525,3621,55%,272.1576912,2436,37%,244.0997537,1774,27%,211.2717024,1351,21%,186.3508512,1044,16%,177.3965517
2020-09-01,1822,983,54%,260.1658189,659,36%,237.3748103,489,27%,205.2903885,372,20%,175.0295699,293,16%,179.9488055
2020-10-01,549,295,54%,265.2338983,198,36%,199.9242424,146,27%,254.1232877,107,19%,184.9906542,78,14%,126.0512821
2020-11-01,1519,791,52%,273.1656131,542,36%,223.0498155,394,26%,212.5,299,20%,214.6622074,237,16%,185.4092827
2020-12-01,1987,1076,54%,262.7630112,737,37%,208.5739484,537,27%,198.0912477,423,21%,183.5744681,328,17%,167.2530488
2021-01-01,4432,2447,55%,287.0408664,1682,38%,225.4078478,1219,28%,187.8589007,955,22%,173.2240838,760,17%,158.5394737
2021-02-01,6593,3658,55%,311.5992346,2490,38%,227.1895582,1784,27%,196.9899103,1338,20%,177.0366218,1022,16%,159.1585127
2021-03-01,7011,3750,53%,291.636,2468,35%,215.8431929,1776,25%,197.6621622,1376,20%,181.409157,1070,15%,163.4859813
2021-04-01,8392,4135,49%,305.9182588,2587,31%,224.29339,1797,21%,207.3711742,1334,16%,190.5569715,995,12%,157.0321608
2021-05-01,10397,5021,48%,298.4763991,3087,30%,225.3035309,2152,21%,196.686803,1586,15%,177.2849937,1215,12%,156.9613169
2021-06-01,9848,4691,48%,304.8821147,2896,29%,229.2016575,2012,20%,183.2022863,1528,16%,184.3933246,1126,11%,150.8161634
2021-07-01,10625,5154,49%,291.9720605,3184,30%,215.0100503,2251,21%,189.7152377,1655,16%,170.8924471,1263,12%,157.9445764
2021-08-01,13517,6599,49%,269.5290195,4109,30%,213.914091,2924,22%,183.9664843,2163,16%,168.9856681,1652,12%,158.8940678
2021-09-01,15781,7883,50%,251.4072054,4933,31%,214.3375228,3441,22%,187.5213601,2592,16%,168.7064043,2012,13%,152.3026839
2021-10-01,21105,9751,46%,263.4982053,6042,29%,213.1895068,4243,20%,182.0209757,3220,15%,162.8680124,2483,12%,153.656464
2021-11-01,23248,9624,41%,280.0482128,5735,25%,205.3940715,3987,17%,186.8334587,2919,13%,160.4785886,2289,10%,148.9244211
2021-12-01,22283,9412,42%,275.2000637,5726,26%,202.8000349,3962,18%,176.7521454,2966,13%,152.7505057,2270,10%,150.5955947
2022-01-01,18718,8122,43%,255.3809407,4965,27%,206.6843907,3467,19%,173.3916931,2572,14%,157.970451,1968,11%,138.6570122
2022-02-01,17355,7412,43%,261.0393956,4535,26%,193.5984564,3142,18%,170.0114577,2354,14%,151.6482583,1788,10%,137.3970917
2022-03-01,20192,8626,43%,247.8411778,5246,26%,187.4794129,3631,18%,167.9972459,2682,13%,149.0913497,2089,10%,134.2699856
2022-04-01,20488,8187,40%,243.8299743,4860,24%,189.3440329,3302,16%,167.3976378,2432,12%,149.8655428,1833,9%,135.801964
2022-05-01,23245,9121,39%,243.5321785,5356,23%,194.9010456,3645,16%,160.2935528,2682,12%,149.4142431,2062,9%,132.6634336
2022-06-01,26435,9961,38%,251.1484791,5835,22%,191.0846615,3878,15%,165.3357401,2824,11%,142.7517705,2156,8%,128.9967532
2022-07-01,30058,11151,37%,242.9276298,6402,21%,194.1507341,4342,14%,157.8744818,3190,11%,137.5661442,2467,8%,122.1211998
2022-08-01,29936,11255,38%,235.2391826,6410,21%,191.7480499,4298,14%,164.6030712,3119,10%,143.7396601,2390,8%,127.9225941
2022-09-01,29601,11203,38%,243.7102562,6548,22%,182.8196396,4415,15%,156.6894677,3243,11%,135.4539007,2498,8%,130.9411529
2022-10-01,23806,9196,39%,232.5475207,5427,23%,176.8634605,3750,16%,153.8237333,2771,12%,142.7816673,2097,9%,122.1773963
2022-11-01,28152,11197,40%,235.3059748,6552,23%,176.2147436,4425,16%,152.3746893,3263,12%,134.3184186,2509,9%,118.7999203
2022-12-01,25604,10008,39%,229.1803557,5826,23%,173.484552,3895,15%,151.885751,2823,11%,132.2337938,2138,8%,122.5710945
2023-01-01,19022,7093,37%,235.6239955,4057,21%,169.9038699,2732,14%,148.7576867,1986,10%,136.9743202,1485,8%,120.8619529
2023-02-01,17932,6633,37%,237.0135685,3772,21%,179.176299,2555,14%,146.5784736,1864,10%,133.7741416,1436,8%,114.3321727
2023-03-01,21613,8281,38%,221.8466369,4828,22%,163.2479287,3294,15%,143.8324226,2411,11%,125.656574,1844,9%,114.472885
2023-04-01,28467,10674,38%,218.303635,6141,22%,165.3362645,4133,15%,137.3435761,3016,11%,124.4834218,2248,8%,118.1330071
2023-05-01,26593,10070,38%,213.6110228,5743,22%,155.3867317,3835,14%,136.9470665,2737,10%,123.4950676,2082,8%,115.4966378
2023-06-01,28435,10530,37%,209.8405508,5892,21%,157.4389002,3908,14%,131.5225179,2790,10%,119.3645161,2100,7%,103.5119048
2023-07-01,29784,10493,35%,206.6433813,5814,20%,160.8513932,3803,13%,131.2771496,2705,9%,118.1963031,2033,7%,109.9306444
2023-08-01,32012,10871,34%,199.6089596,5982,19%,152.4757606,3979,12%,130.1075647,2762,9%,111.8236785,2070,6%,105.7217391
2023-09-01,29117,10002,34%,196.1515697,5592,19%,147.4826538,3660,13%,129.7281421,2601,9%,114.7827759,1911,7%,101.1978022
2023-10-01,25088,8959,36%,192.0855006,5049,20%,143.3028322,3372,13%,125.8383749,2424,10%,112.4814356,1795,7%,102.5314763
2023-11-01,24879,8777,35%,178.856329,4925,20%,138.0192893,3270,13%,121.5314985,2307,9%,108.63329,1719,7%,99.7417103
2023-12-01,27918,9804,35%,173.4187067,5405,19%,140.3916744,3520,13%,121.2880682,2477,9%,103.8825192,1831,7%,100.8530857
2024-01-01,27004,9398,35%,166.8802937,5270,20%,135.1222011,3377,13%,118.84809,2378,9%,107.3296888,1749,6%,95.66552316
2024-02-01,29061,10435,36%,161.1822712,5796,20%,129.6245687,3820,13%,115.563089,2692,9%,103.808321,1993,7%,102.1018565
2024-03-01,32097,11928,37%,164.9098759,6661,21%,135.4762048,4353,14%,115.5894785,3020,9%,101.7923841,2187,7%,93.92638317
2024-04-01,28270,10684,38%,156.7618869,6096,22%,127.9466864,3948,14%,109.6276596,2759,10%,98.40848133,2021,7%,92.29935675
2024-05-01,27759,10129,36%,158.8298944,5574,20%,123.8936132,3628,13%,107.7442117,2493,9%,98.68231047,1774,6%,87.45828636
2024-06-01,24717,8990,36%,149.80901,4983,20%,121.5984347,3285,13%,108.9403349,2264,9%,97.22879859,1592,6%,90.03077889
2024-07-01,28560,10423,37%,145.9175861,5712,20%,117.4914216,3697,13%,104.8717879,2536,9%,95.89550473,1789,6%,88.43320291
2024-08-01,25999,9262,36%,144.2980998,5037,19%,113.6370856,3227,12%,102.7858692,2213,9%,93.82873927,1561,6%,83.65214606
2024-09-01,23371,8125,35%,136.8440615,4455,19%,113.5196409,2820,12%,100.0950355,1947,8%,87.6153056,1366,6%,81.96486091
2024-10-01,21495,7339,34%,134.7270745,3928,18%,109.8755092,2521,12%,95.31733439,1705,8%,88.72492669,1204,6%,80.32807309
2024-11-01,24007,8464,35%,125.1086957,4537,19%,109.6819484,2780,12%,95.61870504,1832,8%,86.27401747,1259,5%,79.29467832
2024-12-01,21308,7464,35%,121.9154609,3998,19%,104.373937,2472,12%,94.41100324,1662,8%,82.86522262,1122,5%,71.95008913
2025-01-01,23173,7966,34%,116.7996485,4147,18%,102.8418134,2537,11%,89.88135593,1644,7%,81.75,1109,5%,71.8367899
2025-02-01,25716,8505,33%,111.6685479,4415,17%,99.29127973,2682,10%,89.2759135,1697,7%,81.32410136,1110,4%,71.97747748
2025-03-01,33171,10583,32%,112.2052348,5322,16%,96.78504322,3152,10%,85.73540609,2006,6%,75.26071785,1331,4%,66.82344102
2025-04-01,30781,9350,30%,106.3616043,4619,15%,96.83286426,2697,9%,83.67371153,1702,6%,72.16745006,1087,4%,67.2125115
2025-05-01,29807,8701,29%,104.6622227,4269,14%,92.39189506,2433,8%,81.4891081,1473,5%,67.42090971,927,3%,61.37648328
2025-06-01,27868,8474,30%,98.98477696,4154,15%,88.35676456,2317,8%,76.45144584,1396,5%,65.86962751,887,3%,56.6054115
2025-07-01,36630,11121,30%,98.64535563,5312,15%,83.7904744,2937,8%,72.73067756,1726,5%,63.42236385,1020,3%,55.96470588
2025-08-01,33715,9962,30%,94.71421401,4638,14%,77.62225097,2507,7%,69.97806143,1448,4%,58.32803867,854,3%,49.98946136
2025-09-01,31041,8857,29%,87.97775771,3981,13%,75.26551118,2115,7%,65.09503546,1171,4%,55.74893254,673,2%,49.4115899
2025-10-01,33359,8735,26%,84.72627361,3785,11%,71.89537649,1889,6%,59.35997882,1018,3%,50.8762279,586,2%,44.06996587
2025-11-01,38065,9425,25%,81.30238727,3991,10%,67.03031822,1913,5%,54.67224255,959,3%,47.1637122,506,1%,42.24505929
2025-12-01,21449,5499,26%,76.01600291,2237,10%,61.34868127,1077,5%,49.36954503,543,3%,43.01657459,270,1%,36.21481481
2026-01-01,17365,4682,27%,67.80841521,1867,11%,54.07391537,812,5%,44.57142857,384,2%,39.04947917,190,1%,33.69473684
2026-02-01,16274,3734,23%,60.29057311,1389,9%,48.24046076,581,4%,43.22891566,232,1%,35.75431034,90,1%,29.16666667
2026-03-01,15873,3804,24%,52.85304942,1280,8%,42.8453125,455,3%,31.81098901,191,1%,28.54450262,86,1%,23.06976744
2026-04-01,17988,3618,20%,45.80375898,970,5%,33.89072165,292,2%,27.6130137,93,1%,21.23655914,40,0%,16.55
2026-05-01,17652,2886,16%,35.46153846,680,4%,25.12205882,159,1%,20.55974843,45,0%,15.93333333,14,0%,13.57142857
2026-06-01,18270,2092,11%,21.45172084,353,2%,15.11331445,72,0%,11.25,24,0%,8.416666667,12,0%,6.666666667
2026-07-01,20913,1168,6%,10.28938356,148,1%,6.533783784,31,0%,4.741935484,10,0%,1.7,6,0%,0.5
2026-08-01,2054,22,1%,0.1363636364,2,0%,0.5,0,0%,,0,0%,,0,0%,