customer_id,order_date,category,product,sku,quantity,order_id
1000618,2024-08-04,Face Malai,Tomato Patchouli (Cold) 20 - 35 Yrs Face Malai,FC-CWDM-TP-030,,F1000618|1
1000650,2024-03-23,Aloe Vera Gel,Aloe Vera Gel - 40 gms,FC-HG-PA-040,,F1000650|1
1000987,2024-03-22,Active Gel,Active Beetroot Tomato Vit-A Gel,FC-AC-BT-050,,F1000987|1
1001111,2025-05-28,Face Malai,Honey Multi-Nut (Dry & Peeling Skin) Face Malai,FC-DM-DP-030,,F1001111|1
1001952,2025-02-06,Face Malai,Clove Tea-Tree (Anti-Acne) Face Malai,FC-DM-AA-030,,F1001952|1
1001952,2026-05-03,Face Malai,Honey Multi-Nut (Dry & Peeling Skin) Face Malai,FC-DM-DP-030,,F1001952|2
1001952,2026-06-22,Face Malai,Flax Carrot (Hot Humid) 35+ Face Malai - 50g,FC-HHDM-FC-050,,F1001952|3
100216,2026-07-03,Face Malai,Tomato Rosehip (Hot Dry) 20 - 35 Yrs Face Malai - 30g,FC-HDDM-TR-030,,F100216|1
1002969,2024-11-06,Face Malai,Flax Walnut (Cold) 35+ Face Malai,FC-CWDM-FW-030,,F1002969|1
1003014,2025-03-19,Aloe Vera Gel,Aloe Vera Gel - 80 gms,FC-HG-PA-080,,F1003014|1
1003188,2024-06-23,Face Malai,Tomato Vetiver (Hot Humid) 20 - 35 Yrs Face Malai,FC-HHDM-TV-030,,F1003188|1
1004100,2025-04-25,Face Malai,Clove Tea-Tree (Anti-Acne) Face Malai,FC-DM-AA-030,,F1004100|1
1005203,2024-12-15,Face Malai,Flax Walnut (Cold) 35+ Face Malai,FC-CWDM-FW-030,,F1005203|1
1005203,2025-07-02,Face Malai,Turmeric Nutmeg (Pigmentation)  Face Malai - 30g,FC-DM-PG-030,,F1005203|2
1006379,2025-01-07,Face Malai,Flax Bakuchi (Hot Dry) 35+ Face Malai - 50g,FC-CWDM-FW-030,,F1006379|1
1007010,2025-04-05,Face Malai,Flax Bakuchi (Hot Dry) 35+ Face Malai - 30g,FC-HDDM-FB-030,,F1007010|1
1008106,2025-04-02,Aloe Vera Gel,Aloe Vera Gel - 80 gms,FC-HG-PA-080,,F1008106|1
1008329,2024-01-31,Face Malai,Pomegranate Tulsi (Hot Dry) 13 - 19 Yrs Face Malai,FC-HDDM-PT-030,,F1008329|1
1008709,2026-05-20,Aloe Vera Gel,Aloe Vera Gel - 80 gms,FC-HG-PA-080,,F1008709|1
1008867,2024-09-03,Face Malai,Flax Carrot (Hot Humid) 35+ Face Malai - 30g,FC-HHDM-FC-030,,F1008867|1
1009129,2024-03-15,Face Malai,Tomato Vetiver (Hot Humid) 20 - 35 Yrs Face Malai,FC-HHDM-TV-030,,F1009129|1
1010383,2025-04-14,Aloe Vera Gel,Aloe Vera Gel - 80 gms,FC-HG-PA-080,,F1010383|1
1010671,2024-05-12,Aloe Vera Gel,Aloe Vera Gel - 40 gms,FC-HG-PA-040,,F1010671|1
1010775,2024-07-29,Active Gel,Active Neem TeaTree Gel,FC-AC-NT-050,,F1010775|1
1011287,2024-10-13,Face Malai,Flax Bakuchi (Hot Dry) 35+ Face Malai - 30g,FC-HDDM-FB-030,,F1011287|1
1011453,2024-02-21,Aloe Vera Gel,Aloe Vera Gel - 40 gms,FC-HG-PA-040,,F1011453|1
1011687,2025-02-08,Face Malai,Tomato Rosehip (Hot Dry) 20 - 35 Yrs Face Malai - 50g,FC-HDDM-TR-050,,F1011687|1
1012095,2025-06-16,Active Gel,Active Neem TeaTree Gel,FC-AC-NT-050,,F1012095|1
1012620,2024-02-28,Face Malai,Tomato Vetiver (Hot Humid) 20 - 35 Yrs Face Malai,FC-HHDM-TV-030,,F1012620|1
1012620,2025-10-01,Face Malai,Turmeric Nutmeg (Pigmentation)  Face Malai - 50g,FC-DM-PG-050,,F1012620|2
1013015,2025-01-29,Aloe Vera Gel,Aloe Vera Gel - 80 gms,FC-HG-PA-080,,F1013015|1
1013052,2024-09-29,Face Malai,Honey Multi-Nut (Dry & Peeling Skin) Face Malai,FC-DM-DP-030,,F1013052|1
1014213,2024-10-10,Face Malai,Tomato Patchouli (Cold) 20 - 35 Yrs Face Malai,FC-CWDM-TP-030,,F1014213|1
1014570,2024-11-13,Face Malai,Flax Walnut (Cold) 35+ Face Malai,FC-CWDM-FW-030,,F1014570|1
1014749,2024-03-06,Face Malai,Cocoa Mogra (Overnight) Face Malai - 30g,FC-DM-NR-030,,F1014749|1
1014915,2026-02-28,Face Malai,Flax Carrot (Hot Humid) 35+ Face Malai - 30g,FC-HHDM-FC-030,,F1014915|1
1015646,2024-12-04,Face Malai,Cocoa Mogra (Overnight) Face Malai - 30g,FC-DM-NR-030,,F1015646|1
1016338,2025-06-01,Aloe Vera Gel,Aloe Vera Gel - 80 gms,FC-HG-PA-080,,F1016338|1
1016681,2024-04-29,Face Malai,Turmeric Nutmeg (Pigmentation)  Face Malai - 30g,FC-DM-PG-030,,F1016681|1
1017715,2024-04-26,Face Malai,Turmeric Nutmeg (Pigmentation)  Face Malai - 30g,FC-DM-PG-030,,F1017715|1
1018960,2025-06-11,Aloe Vera Gel,Aloe Vera Gel - 80 gms,FC-HG-PA-080,,F1018960|1
1019531,2025-12-25,Face Malai,Honey Multi-Nut (Dry & Peeling Skin) Face Malai,FC-DM-DP-030,,F1019531|1
1019531,2026-02-05,Face Malai,Honey Multi-Nut (Dry & Peeling Skin) Face Malai,FC-DM-DP-030,,F1019531|2
1039189,2025-07-13,Aloe Vera Gel,Aloe Vera Gel - 80 gms,FC-HG-PA-080,,F1039189|1
1039548,2024-06-04,Face Malai,Flax Bakuchi (Hot Dry) 35+ Face Malai - 50g,FC-HDDM-FB-050,,F1039548|1
1039549,2025-04-03,Face Malai,Tomato Vetiver (Hot Humid) 20 - 35 Yrs Face Malai,FC-HHDM-TV-030,,F1039549|1
1040308,2025-01-08,Aloe Vera Gel,Aloe Vera Gel - 40 gms,FC-HG-PA-040,,F1040308|1
1040973,2024-07-04,Face Malai,GreenApple Tulsi (Hot Humid) 13 - 19 Yrs Face Malai,FC-HHDM-GAT-030,,F1040973|1
1041147,2025-09-15,Face Malai,Flax Walnut (Cold) 35+ Face Malai,FC-CWDM-FW-030,,F1041147|1
1041662,2026-05-02,Face Malai,Turmeric Nutmeg (Pigmentation)  Face Malai - 50g,FC-DM-PG-050,,F1041662|1
104190,2025-11-18,Face Malai,Flax Walnut (Cold) 35+ Face Malai,FC-CWDM-FW-030,,F104190|1
104190,2025-11-18,Face Malai,Flax Bakuchi (Hot Dry) 35+ Face Malai - 30g,FC-HDDM-FB-030,,F104190|2
1042431,2025-08-10,Face Malai,Turmeric Nutmeg (Pigmentation)  Face Malai - 30g,FC-DM-PG-030,,F1042431|1
1042633,2024-10-04,Aloe Vera Gel,Aloe Vera Gel - 40 gms,FC-HG-PA-040,,F1042633|1
1044083,2024-01-07,Aloe Vera Gel,Aloe Vera Gel - 40 gms,FC-HG-PA-040,,F1044083|1
1044083,2024-02-27,Face Malai,Flax Bakuchi (Hot Dry) 35+ Face Malai - 30g,FC-HDDM-FB-030,,F1044083|2
1044349,2025-01-21,Face Malai,Flax Walnut (Cold) 35+ Face Malai,FC-CWDM-FW-030,,F1044349|1
1044510,2025-04-15,Face Malai,Tomato Rosehip (Hot Dry) 20 - 35 Yrs Face Malai - 30g,FC-HDDM-TR-030,,F1044510|1
1044650,2025-01-14,Aloe Vera Gel,Aloe Vera Gel - 80 gms,FC-HG-PA-080,,F1044650|1
1044696,2024-08-05,Face Malai,Tomato Vetiver (Hot Humid) 20 - 35 Yrs Face Malai,FC-HHDM-TV-030,,F1044696|1
1044696,2024-11-20,Face Malai,Tomato Patchouli (Cold) 20 - 35 Yrs Face Malai,FC-CWDM-TP-030,,F1044696|2
1045023,2024-11-15,Face Malai,Flax Carrot (Hot Humid) 35+ Face Malai - 30g,FC-HHDM-FC-030,,F1045023|1
1045023,2024-12-30,Face Malai,Flax Carrot (Hot Humid) 35+ Face Malai - 30g,FC-AC-OV-050,,F1045023|2
1045023,2025-03-15,Face Malai,Flax Carrot (Hot Humid) 35+ Face Malai - 50g,FC-HHDM-FC-050,,F1045023|3
1045023,2025-05-22,Face Malai,Turmeric Nutmeg (Pigmentation)  Face Malai - 50g,FC-DM-PG-050,,F1045023|4
1045023,2025-07-20,Face Malai,Turmeric Nutmeg (Pigmentation)  Face Malai - 30g,FC-DM-PG-030,,F1045023|5
1045023,2025-09-02,Face Malai,Turmeric Nutmeg (Pigmentation)  Face Malai - 50g,FC-DM-PG-050,,F1045023|6
1045085,2025-06-24,Aloe Vera Gel,Aloe Vera Gel - 80 gms,FC-HG-PA-080,,F1045085|1
1045180,2026-07-02,Aloe Vera Gel,Aloe Vera Gel - 80 gms,FC-HG-PA-080,,F1045180|1
1045275,2024-04-03,Face Malai,Flax Bakuchi (Hot Dry) 35+ Face Malai - 30g,FC-HDDM-FB-030,,F1045275|1
1045898,2024-06-05,Aloe Vera Gel,Aloe Vera Gel - 40 gms,FC-HG-PA-040,,F1045898|1
1045943,2025-01-12,Face Malai,Flax Walnut (Cold) 35+ Face Malai,FC-CWDM-FW-030,,F1045943|1
104602,2024-06-30,Aloe Vera Gel,Aloe Vera Gel - 40 gms,FC-HG-PA-040,,F104602|1
1046166,2024-06-22,Face Malai,Cocoa Mogra (Overnight) Face Malai - 30g,FC-DM-NR-030,,F1046166|1
1046166,2026-05-04,Face Malai,Cocoa Mogra (Overnight) Face Malai - 30g,FC-DM-NR-030,,F1046166|2
1046379,2025-02-09,Face Malai,Flax Bakuchi (Hot Dry) 35+ Face Malai - 50g,FC-HDDM-FB-050,,F1046379|1
1046487,2024-11-11,Face Malai,Flax Walnut (Cold) 35+ Face Malai,FC-CWDM-FW-030,,F1046487|1
1046526,2025-09-29,Face Malai,Cocoa Mogra (Overnight) Face Malai - 30g,FC-CWDM-TP-030,,F1046526|1
1046526,2025-11-05,Face Malai,Winter Blackseed Tulsi (Cold) 13 - 19 Yrs Face Malai,FC-CWDM-BT-030,,F1046526|2
1046588,2025-06-28,Aloe Vera Gel,Aloe Vera Gel - 80 gms,FC-HG-PA-080,,F1046588|1
104671,2024-10-04,Aloe Vera Gel,Aloe Vera Gel - 40 gms,FC-HG-PA-040,,F104671|1
104671,2025-06-13,Face Malai,Flax Carrot (Hot Humid) 35+ Face Malai - 30g,FC-HHDM-FC-030,,F104671|2
1047078,2025-03-10,Aloe Vera Gel,Aloe Vera Gel - 80 gms,FC-HG-PA-080,,F1047078|1
1047086,2024-01-29,Face Malai,Turmeric Nutmeg (Pigmentation)  Face Malai - 30g,FC-DM-PG-030,,F1047086|1
1047106,2025-03-05,Active Gel,Active Orange Kiwi Vit-C Gel,FC-AC-OK-050,,F1047106|1
1048941,2024-09-18,Aloe Vera Gel,Aloe Vera Gel - 40 gms,FC-HG-PA-040,,F1048941|1
1048941,2024-11-30,Face Malai,Turmeric Nutmeg (Pigmentation)  Face Malai - 50g,FC-DM-PG-050,,F1048941|2
1049152,2024-09-01,Face Malai,Flax Carrot (Hot Humid) 35+ Face Malai - 50g,FC-HHDM-FC-050,,F1049152|1
1049567,2025-10-16,Face Malai,Flax Carrot (Hot Humid) 35+ Face Malai - 50g,FC-HHDM-FC-050,,F1049567|1
1049567,2026-05-19,Active Gel,Active Orange Kiwi Vit-C Gel,FC-AC-OK-050,,F1049567|2
1049670,2024-11-23,Face Malai,Turmeric Nutmeg (Pigmentation)  Face Malai - 30g,FC-DM-PG-030,,F1049670|1
1050210,2024-12-18,Face Malai,Winter Blackseed Tulsi (Cold) 13 - 19 Yrs Face Malai,FC-CWDM-FW-030,,F1050210|1
1050401,2025-03-21,Face Malai,Tomato Vetiver (Hot Humid) 20 - 35 Yrs Face Malai,FC-HHDM-TV-030,,F1050401|1
1051039,2024-03-03,Active Gel,Active Beetroot Tomato Vit-A Gel,FC-AC-BT-050,,F1051039|1
1051043,2024-03-16,Face Malai,Turmeric Nutmeg (Pigmentation)  Face Malai - 30g,FC-DM-PG-030,,F1051043|1
1051155,2024-09-28,Active Gel,Active Orange Kiwi Vit-C Gel,FC-AC-OK-050,,F1051155|1
1051187,2024-11-13,Face Malai,Tomato Patchouli (Cold) 20 - 35 Yrs Face Malai,FC-CWDM-TP-030,,F1051187|1
1051187,2024-11-27,Face Malai,Tomato Patchouli (Cold) 20 - 35 Yrs Face Malai,FC-CWDM-TP-030,,F1051187|2
1052255,2025-09-23,Face Malai,Flax Bakuchi (Hot Dry) 35+ Face Malai - 50g,FC-HDDM-FB-050,,F1052255|1
1052325,2024-03-25,Aloe Vera Gel,Aloe Vera Gel - 40 gms,FC-HG-PA-040,,F1052325|1
1052810,2025-04-10,Face Malai,Turmeric Nutmeg (Pigmentation)  Face Malai - 30g,FC-DM-PG-030,,F1052810|1
1052810,2025-11-10,Face Malai,Honey Multi-Nut (Dry & Peeling Skin) Face Malai,FC-DM-PG-050,,F1052810|2
1052810,2026-01-02,Face Malai,Flax Walnut (Cold) 35+ Face Malai,FC-CWDM-FW-030,,F1052810|3
1052861,2024-03-18,Aloe Vera Gel,Aloe Vera Gel - 40 gms,FC-HG-PA-040,,F1052861|1
1052865,2025-05-03,Active Gel,Active Beetroot Tomato Vit-A Gel,FC-AC-BT-050,,F1052865|1
1052991,2025-01-19,Face Malai,Turmeric Nutmeg (Pigmentation)  Face Malai - 30g,FC-DM-PG-030,,F1052991|1
1053080,2024-01-18,Face Malai,Honey Multi-Nut (Dry & Peeling Skin) Face Malai,FC-DM-DP-030,,F1053080|1
1053080,2024-04-11,Face Malai,Honey Multi-Nut (Dry & Peeling Skin) Face Malai,FC-DM-DP-030,,F1053080|2
1053186,2024-05-21,Aloe Vera Gel,Aloe Vera Gel - 40 gms,FC-HG-PA-040,,F1053186|1
1053564,2024-11-15,Face Malai,Flax Walnut (Cold) 35+ Face Malai,FC-CWDM-FW-030,,F1053564|1
105358,2024-03-10,Aloe Vera Gel,Aloe Vera Gel - 40 gms,FC-HG-PA-040,,F105358|1
1053873,2024-02-10,Aloe Vera Gel,Aloe Vera Gel - 40 gms,FC-HG-PA-040,,F1053873|1
1053920,2024-01-23,Face Malai,Tomato Rosehip (Hot Dry) 20 - 35 Yrs Face Malai - 30g,FC-HDDM-TR-030,,F1053920|1
1054082,2026-04-29,Aloe Vera Gel,Aloe Vera Gel - 80 gms,FC-HG-PA-080,,F1054082|1
1054264,2024-10-09,Aloe Vera Gel,Aloe Vera Gel - 40 gms,FC-HG-PA-040,,F1054264|1
1054468,2024-05-11,Face Malai,Clove Tea-Tree (Anti-Acne) Face Malai,FC-DM-AA-030,,F1054468|1
1054601,2025-11-03,Face Malai,Winter Blackseed Tulsi (Cold) 13 - 19 Yrs Face Malai,FC-CWDM-BT-030,,F1054601|1
1054681,2024-12-23,Face Malai,Tomato Vetiver (Hot Humid) 20 - 35 Yrs Face Malai,FC-HHDM-TV-030,,F1054681|1
1054696,2024-09-01,Face Malai,Cocoa Mogra (Overnight) Face Malai - 30g,FC-DM-NR-030,,F1054696|1
1054696,2024-09-10,Face Malai,Honey Multi-Nut (Dry & Peeling Skin) Face Malai,FC-DM-DP-030,,F1054696|2
1054696,2024-09-10,Face Malai,Cocoa Mogra (Overnight) Face Malai - 50g,FC-DM-NR-050,,F1054696|3
1054754,2025-09-07,Face Malai,Flax Bakuchi (Hot Dry) 35+ Face Malai - 50g,FC-HDDM-FB-050,,F1054754|1
1054968,2025-03-03,Face Malai,Turmeric Nutmeg (Pigmentation)  Face Malai - 50g,FC-DM-PG-050,,F1054968|1
1055073,2025-01-07,Active Gel,Active Olive Vit-E Night Gel,FC-AC-OV-050,,F1055073|1
1055442,2024-10-02,Aloe Vera Gel,Aloe Vera Gel - 40 gms,FC-HG-PA-040,,F1055442|1
1056066,2025-04-02,Aloe Vera Gel,Aloe Vera Gel - 80 gms,FC-HG-PA-080,,F1056066|1
1056081,2024-11-28,Aloe Vera Gel,Aloe Vera Gel - 40 gms,FC-HG-PA-040,,F1056081|1
105658,2025-10-08,Aloe Vera Gel,Aloe Vera Gel - 80 gms,FC-HG-PA-080,,F105658|1
1056889,2024-12-13,Face Malai,Tomato Patchouli (Cold) 20 - 35 Yrs Face Malai,FC-CWDM-TP-030,,F1056889|1
1056947,2024-01-28,Aloe Vera Gel,Aloe Vera Gel - 40 gms,FC-HG-PA-040,,F1056947|1
1057520,2024-07-07,Active Gel,Active Aloe Cactus Hydra Lift Gel,FC-AC-AC-050,,F1057520|1
1057886,2025-01-10,Face Malai,Tomato Rosehip (Hot Dry) 20 - 35 Yrs Face Malai - 30g,FC-HDDM-TR-030,,F1057886|1
1059658,2025-09-09,Face Malai,Tomato Rosehip (Hot Dry) 20 - 35 Yrs Face Malai - 30g,FC-HDDM-TR-030,,F1059658|1
1059995,2024-09-24,Face Malai,Turmeric Nutmeg (Pigmentation)  Face Malai - 50g,FC-DM-PG-050,,F1059995|1
1059995,2025-05-08,Face Malai,Clove Tea-Tree (Anti-Acne) Face Malai,FC-DM-AA-030,,F1059995|2
1060232,2026-07-04,Aloe Vera Gel,Aloe Vera Gel - 80 gms,FC-HG-PA-080,,F1060232|1
106037,2024-11-11,Face Malai,Flax Walnut (Cold) 35+ Face Malai,FC-CWDM-FW-030,,F106037|1
1061270,2024-02-02,Aloe Vera Gel,Aloe Vera Gel - 40 gms,FC-HG-PA-040,,F1061270|1
106130,2024-03-17,Aloe Vera Gel,Aloe Vera Gel - 40 gms,FC-HG-PA-040,,F106130|1
106130,2024-11-20,Aloe Vera Gel,Aloe Vera Gel - 40 gms,FC-HG-PA-040,,F106130|2
106130,2025-01-11,Aloe Vera Gel,Aloe Vera Gel - 40 gms,FC-HG-PA-040,,F106130|3
106130,2025-04-28,Aloe Vera Gel,Aloe Vera Gel - 80 gms,FC-HG-PA-080,,F106130|4
1061506,2025-02-02,Face Malai,Turmeric Nutmeg (Pigmentation)  Face Malai - 50g,FC-DM-PG-050,,F1061506|1
1061579,2024-12-11,Face Malai,Flax Carrot (Hot Humid) 35+ Face Malai - 50g,FC-HHDM-FC-050,,F1061579|1
1061620,2025-03-03,Face Malai,Tomato Rosehip (Hot Dry) 20 - 35 Yrs Face Malai - 30g,FC-HDDM-TR-030,,F1061620|1
1062728,2024-05-28,Aloe Vera Gel,Aloe Vera Gel - 40 gms,FC-HG-PA-040,,F1062728|1
1062728,2024-07-03,Face Malai,Flax Bakuchi (Hot Dry) 35+ Face Malai - 50g,FC-HDDM-FB-050,,F1062728|2
1062728,2025-12-27,Face Malai,Clove Tea-Tree (Anti-Acne) Face Malai,FC-DM-AA-030,,F1062728|3
1062728,2026-04-24,Active Gel,Active Beetroot Tomato Vit-A Gel,FC-AC-BT-050,,F1062728|4
1062950,2025-03-09,Face Malai,Tomato Rosehip (Hot Dry) 20 - 35 Yrs Face Malai - 50g,FC-HDDM-TR-050,,F1062950|1
1062950,2025-03-17,Face Malai,Tomato Rosehip (Hot Dry) 20 - 35 Yrs Face Malai - 50g,FC-HDDM-TR-050,,F1062950|2
1062950,2025-05-17,Face Malai,Tomato Rosehip (Hot Dry) 20 - 35 Yrs Face Malai - 50g,FC-HDDM-TR-050,,F1062950|3
1063126,2024-04-04,Aloe Vera Gel,Aloe Vera Gel - 40 gms,FC-HG-PA-040,,F1063126|1
1063269,2024-03-07,Aloe Vera Gel,Aloe Vera Gel - 40 gms,FC-HG-PA-040,,F1063269|1
1063377,2024-12-24,Face Malai,Tomato Patchouli (Cold) 20 - 35 Yrs Face Malai,FC-CWDM-TP-030,,F1063377|1
1063795,2024-09-16,Face Malai,Flax Bakuchi (Hot Dry) 35+ Face Malai - 30g,FC-HDDM-FB-030,,F1063795|1
1064480,2024-02-01,Aloe Vera Gel,Aloe Vera Gel - 40 gms,FC-HG-PA-040,,F1064480|1
1064661,2024-03-20,Face Malai,Tomato Rosehip (Hot Dry) 20 - 35 Yrs Face Malai - 30g,FC-HDDM-TR-030,,F1064661|1
106499,2024-01-06,Face Malai,Flax Walnut (Cold) 35+ Face Malai,FC-CWDM-FW-030,,F106499|1
1065024,2024-08-28,Aloe Vera Gel,Aloe Vera Gel - 40 gms,FC-HG-PA-040,,F1065024|1
1065215,2024-07-29,Face Malai,Flax Carrot (Hot Humid) 35+ Face Malai - 30g,FC-HHDM-FC-030,,F1065215|1
1065500,2024-07-01,Aloe Vera Gel,Aloe Vera Gel - 40 gms,FC-HG-PA-040,,F1065500|1
1065614,2024-06-22,Face Malai,Cocoa Mogra (Overnight) Face Malai - 50g,FC-DM-NR-050,,F1065614|1
1065641,2025-02-09,Active Gel,Active Beetroot Tomato Vit-A Gel,FC-AC-BT-050,,F1065641|1
106609,2025-10-28,Face Malai,Honey Multi-Nut (Dry & Peeling Skin) Face Malai,FC-DM-DP-030,,F106609|1
1066496,2024-09-22,Face Malai,Turmeric Nutmeg (Pigmentation)  Face Malai - 30g,FC-DM-PG-030,,F1066496|1
1066496,2024-10-27,Face Malai,Turmeric Nutmeg (Pigmentation)  Face Malai - 30g,FC-AC-BT-050,,F1066496|2
1066496,2024-10-29,Face Malai,GreenApple Tulsi (Hot Humid) 13 - 19 Yrs Face Malai,FC-HHDM-GAT-030,,F1066496|3
1066501,2024-10-30,Aloe Vera Gel,Aloe Vera Gel - 40 gms,FC-HG-PA-040,,F1066501|1
106715,2024-05-23,Aloe Vera Gel,Aloe Vera Gel - 40 gms,FC-HG-PA-040,,F106715|1
1067588,2025-07-12,Aloe Vera Gel,Aloe Vera Gel - 80 gms,FC-HG-PA-080,,F1067588|1
1067874,2025-01-05,Face Malai,Tomato Vetiver (Hot Humid) 20 - 35 Yrs Face Malai,FC-HHDM-TV-030,,F1067874|1
1067874,2025-04-04,Active Gel,Active Aloe Cactus Hydra Lift Gel,FC-AC-AC-050,,F1067874|2
1067874,2025-10-20,Face Malai,Turmeric Nutmeg (Pigmentation)  Face Malai - 30g,FC-DM-PG-030,,F1067874|3
1069051,2024-05-26,Aloe Vera Gel,Aloe Vera Gel - 40 gms,FC-HG-PA-040,,F1069051|1
1069092,2024-01-19,Face Malai,Flax Walnut (Cold) 35+ Face Malai,FC-CWDM-FW-030,,F1069092|1
1069244,2024-10-07,Face Malai,Turmeric Nutmeg (Pigmentation)  Face Malai - 30g,FC-DM-PG-030,,F1069244|1
1069853,2024-01-25,Aloe Vera Gel,Aloe Vera Gel - 40 gms,FC-HG-PA-040,,F1069853|1
106993,2024-01-06,Face Malai,Flax Walnut (Cold) 35+ Face Malai,FC-CWDM-FW-030,,F106993|1
1070484,2024-10-06,Face Malai,Turmeric Nutmeg (Pigmentation)  Face Malai - 50g,FC-DM-PG-050,,F1070484|1
1070484,2024-11-29,Face Malai,Flax Walnut (Cold) 35+ Face Malai,FC-CWDM-FW-030,,F1070484|2
107088,2024-06-01,Face Malai,Cocoa Mogra (Overnight) Face Malai - 30g,FC-DM-NR-030,,F107088|1
1072001,2025-04-01,Face Malai,Turmeric Nutmeg (Pigmentation)  Face Malai - 30g,FC-DM-PG-030,,F1072001|1
1072001,2025-07-06,Active Gel,Active Orange Kiwi Vit-C Gel,FC-AC-OK-050,,F1072001|2
1072050,2025-08-11,Face Malai,Turmeric Nutmeg (Pigmentation)  Face Malai - 30g,FC-DM-PG-030,,F1072050|1
1072402,2024-04-13,Face Malai,Flax Carrot (Hot Humid) 35+ Face Malai - 30g,FC-HHDM-FC-030,,F1072402|1
1072649,2024-03-02,Aloe Vera Gel,Aloe Vera Gel - 40 gms,FC-HG-PA-040,,F1072649|1
107268,2025-01-12,Active Gel,Active Beetroot Tomato Vit-A Gel,FC-AC-BT-050,,F107268|1
107268,2025-02-09,Face Malai,Flax Bakuchi (Hot Dry) 35+ Face Malai - 30g,FC-HDDM-FB-030,,F107268|2
107268,2025-02-16,Aloe Vera Gel,Aloe Vera Gel - 80 gms,FC-HG-PA-080,,F107268|3
107289,2026-05-16,Aloe Vera Gel,Aloe Vera Gel - 80 gms,FC-HG-PA-080,,F107289|1
107313,2025-05-06,Active Gel,Active Neem TeaTree Gel,FC-AC-NT-050,,F107313|1
1073736,2026-07-03,Face Malai,Honey Multi-Nut (Dry & Peeling Skin) Face Malai,FC-DM-DP-030,,F1073736|1
1073814,2024-07-21,Face Malai,Turmeric Nutmeg (Pigmentation)  Face Malai - 30g,FC-DM-PG-030,,F1073814|1
1074627,2025-05-04,Aloe Vera Gel,Aloe Vera Gel - 80 gms,FC-HG-PA-080,,F1074627|1
1075057,2025-09-16,Active Gel,Active Orange Kiwi Vit-C Gel,FC-AC-OK-050,,F1075057|1
1076695,2025-06-27,Face Malai,Flax Carrot (Hot Humid) 35+ Face Malai - 50g,FC-HHDM-FC-050,,F1076695|1
1076695,2025-08-09,Face Malai,Turmeric Nutmeg (Pigmentation)  Face Malai - 30g,FC-DM-PG-030,,F1076695|2
1076716,2025-07-14,Face Malai,Turmeric Nutmeg (Pigmentation)  Face Malai - 30g,FC-DM-PG-030,,F1076716|1
1076716,2025-10-09,Face Malai,Flax Bakuchi (Hot Dry) 35+ Face Malai - 30g,FC-HDDM-FB-030,,F1076716|2
1076716,2026-04-04,Aloe Vera Gel,Aloe Vera Gel - 80 gms,FC-HG-PA-080,,F1076716|3
1076746,2024-07-07,Aloe Vera Gel,Aloe Vera Gel - 40 gms,FC-HG-PA-040,,F1076746|1
1077307,2024-12-01,Aloe Vera Gel,Aloe Vera Gel - 40 gms,FC-HG-PA-040,,F1077307|1
1077463,2024-03-15,Aloe Vera Gel,Aloe Vera Gel - 40 gms,FC-HG-PA-040,,F1077463|1
1077603,2024-07-06,Face Malai,Tomato Vetiver (Hot Humid) 20 - 35 Yrs Face Malai,FC-HHDM-TV-030,,F1077603|1
1077603,2024-07-08,Face Malai,Tomato Patchouli (Cold) 20 - 35 Yrs Face Malai,FC-CWDM-TP-030,,F1077603|2
1078095,2025-03-04,Active Gel,Active Orange Kiwi Vit-C Gel,FC-AC-OK-050,,F1078095|1
1078282,2024-04-08,Aloe Vera Gel,Aloe Vera Gel - 40 gms,FC-HG-PA-040,,F1078282|1
1078513,2024-03-27,Aloe Vera Gel,Aloe Vera Gel - 40 gms,FC-HG-PA-040,,F1078513|1
1078765,2024-07-05,Aloe Vera Gel,Aloe Vera Gel - 40 gms,FC-HG-PA-040,,F1078765|1
107924,2025-06-29,Active Gel,Active Beetroot Tomato Vit-A Gel,FC-AC-BT-050,,F107924|1
1079287,2024-12-01,Face Malai,Flax Walnut (Cold) 35+ Face Malai,FC-CWDM-FW-030,,F1079287|1
1079367,2026-06-16,Aloe Vera Gel,Aloe Vera Gel - 80 gms,FC-HG-PA-080,,F1079367|1
1079548,2025-09-04,Aloe Vera Gel,Aloe Vera Gel - 80 gms,FC-HG-PA-080,,F1079548|1
1080652,2025-11-06,Face Malai,Tomato Rosehip (Hot Dry) 20 - 35 Yrs Face Malai - 30g,FC-HDDM-TR-030,,F1080652|1
1081048,2024-07-29,Face Malai,Honey Multi-Nut (Dry & Peeling Skin) Face Malai,FC-DM-DP-030,,F1081048|1
1081432,2025-10-11,Active Gel,Active Orange Kiwi Vit-C Gel,FC-AC-NT-050,,F1081432|1
1081557,2024-04-22,Aloe Vera Gel,Aloe Vera Gel - 40 gms,FC-HG-PA-040,,F1081557|1
108178,2024-01-08,Aloe Vera Gel,Aloe Vera Gel - 40 gms,FC-HG-PA-040,,F108178|1
1081834,2025-07-12,Face Malai,Flax Walnut (Cold) 35+ Face Malai,FC-CWDM-FW-030,,F1081834|1
1081834,2025-10-24,Face Malai,Flax Walnut (Cold) 35+ Face Malai,FC-CWDM-FW-030,,F1081834|2
1081884,2024-08-28,Face Malai,Turmeric Nutmeg (Pigmentation)  Face Malai - 30g,FC-DM-PG-030,,F1081884|1
1081952,2024-10-26,Aloe Vera Gel,Aloe Vera Gel - 40 gms,FC-HG-PA-040,,F1081952|1
108199,2024-06-01,Aloe Vera Gel,Aloe Vera Gel - 40 gms,FC-HG-PA-040,,F108199|1
1083148,2024-02-22,Aloe Vera Gel,Aloe Vera Gel - 40 gms,FC-HG-PA-040,,F1083148|1
1083561,2025-03-09,Face Malai,Turmeric Nutmeg (Pigmentation)  Face Malai - 30g,FC-DM-PG-030,,F1083561|1
1083584,2025-02-07,Aloe Vera Gel,Aloe Vera Gel - 80 gms,FC-HG-PA-080,,F1083584|1
1083634,2024-07-04,Face Malai,Flax Bakuchi (Hot Dry) 35+ Face Malai - 30g,FC-HDDM-FB-030,,F1083634|1
1083866,2024-07-13,Face Malai,Flax Carrot (Hot Humid) 35+ Face Malai - 50g,FC-HHDM-FC-050,,F1083866|1
1083866,2024-12-11,Face Malai,Flax Walnut (Cold) 35+ Face Malai,FC-CWDM-FW-030,,F1083866|2
1083866,2025-10-11,Face Malai,Flax Bakuchi (Hot Dry) 35+ Face Malai - 50g,FC-HDDM-FB-050,,F1083866|3
1083866,2025-11-21,Face Malai,Flax Walnut (Cold) 35+ Face Malai,FC-CWDM-FW-030,,F1083866|4
1084553,2024-07-13,Aloe Vera Gel,Aloe Vera Gel - 40 gms,FC-HG-PA-040,,F1084553|1
1084553,2024-08-26,Aloe Vera Gel,Aloe Vera Gel - 40 gms,FC-HG-PA-040,,F1084553|2
1084553,2024-12-05,Aloe Vera Gel,Aloe Vera Gel - 40 gms,FC-CWDM-TP-030,,F1084553|3
1084553,2025-03-21,Aloe Vera Gel,Aloe Vera Gel - 80 gms,FC-HG-PA-080,,F1084553|4
1084553,2025-10-01,Aloe Vera Gel,Aloe Vera Gel - 80 gms,FC-HG-PA-080,,F1084553|5
1084923,2024-03-22,Aloe Vera Gel,Aloe Vera Gel - 40 gms,FC-HG-PA-040,,F1084923|1
1084923,2024-10-30,Face Malai,Flax Walnut (Cold) 35+ Face Malai,FC-CWDM-FW-030,,F1084923|2
1084923,2025-01-09,Face Malai,Flax Walnut (Cold) 35+ Face Malai,FC-CWDM-FW-030,,F1084923|3
1084954,2025-09-17,Aloe Vera Gel,Aloe Vera Gel - 80 gms,FC-HG-PA-080,,F1084954|1
1085129,2024-05-06,Face Malai,Flax Carrot (Hot Humid) 35+ Face Malai - 30g,FC-HHDM-FC-030,,F1085129|1
1085319,2024-03-05,Face Malai,Cocoa Mogra (Overnight) Face Malai - 30g,FC-DM-NR-030,,F1085319|1
1086113,2024-02-20,Active Gel,Active Olive Vit-E Night Gel,FC-AC-OV-050,,F1086113|1
108688,2024-04-14,Aloe Vera Gel,Aloe Vera Gel - 40 gms,FC-HG-PA-040,,F108688|1
1088070,2024-03-08,Aloe Vera Gel,Aloe Vera Gel - 40 gms,FC-HG-PA-040,,F1088070|1
1088070,2024-11-07,Face Malai,Flax Bakuchi (Hot Dry) 35+ Face Malai - 30g,FC-HDDM-FB-030,,F1088070|2
108843,2024-07-31,Face Malai,Flax Carrot (Hot Humid) 35+ Face Malai - 50g,FC-HHDM-FC-050,,F108843|1
1088449,2024-03-25,Aloe Vera Gel,Aloe Vera Gel - 40 gms,FC-HG-PA-040,,F1088449|1
1088619,2025-02-05,Aloe Vera Gel,Aloe Vera Gel - 80 gms,FC-HG-PA-080,,F1088619|1
1088852,2024-08-28,Face Malai,Tomato Vetiver (Hot Humid) 20 - 35 Yrs Face Malai,FC-HHDM-TV-030,,F1088852|1
1088945,2024-02-20,Aloe Vera Gel,Aloe Vera Gel - 40 gms,FC-HG-PA-040,,F1088945|1
1088969,2025-07-10,Face Malai,Flax Bakuchi (Hot Dry) 35+ Face Malai - 50g,FC-HDDM-FB-050,,F1088969|1
1088969,2025-08-01,Face Malai,Flax Bakuchi (Hot Dry) 35+ Face Malai - 50g,FC-HDDM-FB-050,,F1088969|2
1088969,2025-10-28,Face Malai,Turmeric Nutmeg (Pigmentation)  Face Malai - 50g,FC-DM-PG-050,,F1088969|3
1089430,2025-09-28,Active Gel,Active Orange Kiwi Vit-C Gel,FC-AC-OK-050,,F1089430|1
1089622,2024-05-18,Aloe Vera Gel,Aloe Vera Gel - 40 gms,FC-HG-PA-040,,F1089622|1
1089868,2025-04-15,Active Gel,Active Neem TeaTree Gel,FC-AC-NT-050,,F1089868|1
1090094,2024-09-10,Aloe Vera Gel,Aloe Vera Gel - 40 gms,FC-HG-PA-040,,F1090094|1
1090259,2024-02-29,Face Malai,Honey Multi-Nut (Dry & Peeling Skin) Face Malai,FC-DM-DP-030,,F1090259|1
1090629,2024-06-20,Face Malai,Flax Carrot (Hot Humid) 35+ Face Malai - 30g,FC-HHDM-FC-030,,F1090629|1
1091029,2025-07-24,Face Malai,Clove Tea-Tree (Anti-Acne) Face Malai,FC-DM-AA-030,,F1091029|1
1092593,2024-10-22,Face Malai,Flax Bakuchi (Hot Dry) 35+ Face Malai - 30g,FC-HDDM-FB-030,,F1092593|1
1092593,2025-12-31,Active Gel,Active Neem TeaTree Gel,FC-AC-NT-050,,F1092593|2
1092593,2026-03-13,Active Gel,Active Neem TeaTree Gel,FC-AC-NT-050,,F1092593|3
1092747,2024-09-28,Face Malai,Tomato Rosehip (Hot Dry) 20 - 35 Yrs Face Malai - 30g,FC-HDDM-TR-030,,F1092747|1
109401,2025-06-15,Aloe Vera Gel,Aloe Vera Gel - 80 gms,FC-HHDM-FC-050,,F109401|1
109510,2024-04-09,Face Malai,Turmeric Nutmeg (Pigmentation)  Face Malai - 30g,FC-DM-PG-030,,F109510|1
1095179,2025-02-07,Active Gel,Active Orange Kiwi Vit-C Gel,FC-AC-OK-050,,F1095179|1
109534,2025-05-05,Face Malai,Flax Carrot (Hot Humid) 35+ Face Malai - 50g,FC-HHDM-FC-050,,F109534|1
1096273,2024-06-05,Active Gel,Active Orange Kiwi Vit-C Gel,FC-AC-OK-050,,F1096273|1
1097483,2025-02-06,Face Malai,Tomato Rosehip (Hot Dry) 20 - 35 Yrs Face Malai - 50g,FC-HDDM-TR-050,,F1097483|1
1097682,2025-01-10,Face Malai,Cocoa Mogra (Overnight) Face Malai - 30g,FC-DM-NR-030,,F1097682|1
1097750,2024-03-13,Face Malai,Cocoa Mogra (Overnight) Face Malai - 30g,FC-DM-NR-030,,F1097750|1
1097763,2024-11-01,Active Gel,Active Orange Kiwi Vit-C Gel,FC-AC-OV-050,,F1097763|1
1098140,2024-10-27,Aloe Vera Gel,Aloe Vera Gel - 40 gms,FC-HG-PA-040,,F1098140|1
1098250,2026-04-02,Aloe Vera Gel,Aloe Vera Gel - 80 gms,FC-HG-PA-080,,F1098250|1
109845,2025-01-07,Face Malai,Tomato Patchouli (Cold) 20 - 35 Yrs Face Malai,FC-CWDM-TP-030,,F109845|1
1098676,2024-03-14,Aloe Vera Gel,Aloe Vera Gel - 40 gms,FC-HG-PA-040,,F1098676|1
1099620,2025-02-24,Face Malai,Turmeric Nutmeg (Pigmentation)  Face Malai - 50g,FC-DM-PG-050,,F1099620|1
1099620,2025-05-23,Face Malai,Flax Carrot (Hot Humid) 35+ Face Malai - 30g,FC-DM-NR-030,,F1099620|2
1099620,2025-08-19,Face Malai,Clove Tea-Tree (Anti-Acne) Face Malai,FC-DM-AA-030,,F1099620|3
1099620,2025-11-19,Face Malai,Winter Blackseed Tulsi (Cold) 13 - 19 Yrs Face Malai,FC-CWDM-FW-030,,F1099620|4
1099620,2026-02-27,Face Malai,Clove Tea-Tree (Anti-Acne) Face Malai,FC-DM-AA-030,,F1099620|5
1099620,2026-06-12,Face Malai,Clove Tea-Tree (Anti-Acne) Face Malai,FC-DM-AA-030,,F1099620|6
1099862,2024-01-16,Aloe Vera Gel,Aloe Vera Gel - 40 gms,FC-HG-PA-040,,F1099862|1
1100286,2024-03-13,Aloe Vera Gel,Aloe Vera Gel - 40 gms,FC-HG-PA-040,,F1100286|1
1100286,2024-07-28,Aloe Vera Gel,Aloe Vera Gel - 40 gms,FC-HG-PA-040,,F1100286|2
1100502,2025-06-04,Face Malai,Turmeric Nutmeg (Pigmentation)  Face Malai - 50g,FC-DM-PG-050,,F1100502|1
1100751,2024-10-02,Face Malai,Flax Walnut (Cold) 35+ Face Malai,FC-CWDM-FW-030,,F1100751|1
110127,2024-12-10,Aloe Vera Gel,Aloe Vera Gel - 40 gms,FC-HG-PA-040,,F110127|1
1101385,2024-03-15,Face Malai,Clove Tea-Tree (Anti-Acne) Face Malai,FC-DM-AA-030,,F1101385|1
1101385,2024-07-17,Face Malai,Clove Tea-Tree (Anti-Acne) Face Malai,FC-DM-AA-030,,F1101385|2
1101735,2025-03-17,Face Malai,Turmeric Nutmeg (Pigmentation)  Face Malai - 30g,FC-DM-PG-030,,F1101735|1
1101776,2025-10-27,Face Malai,Flax Walnut (Cold) 35+ Face Malai,FC-CWDM-FW-030,,F1101776|1
1103744,2024-04-30,Active Gel,Active Neem TeaTree Gel,FC-AC-NT-050,,F1103744|1
1103860,2024-04-08,Face Malai,Flax Bakuchi (Hot Dry) 35+ Face Malai - 30g,FC-HDDM-FB-030,,F1103860|1
1103860,2025-01-09,Face Malai,Flax Walnut (Cold) 35+ Face Malai,FC-CWDM-FW-030,,F1103860|2
1104910,2024-08-09,Aloe Vera Gel,Aloe Vera Gel - 40 gms,FC-HG-PA-040,,F1104910|1
1106227,2024-06-25,Aloe Vera Gel,Aloe Vera Gel - 40 gms,FC-HG-PA-040,,F1106227|1
1106983,2025-09-08,Face Malai,Flax Carrot (Hot Humid) 35+ Face Malai - 30g,FC-HHDM-FC-030,,F1106983|1
1107959,2024-06-06,Face Malai,Cocoa Mogra (Overnight) Face Malai - 50g,FC-DM-NR-050,,F1107959|1
1108132,2024-06-09,Face Malai,Cocoa Mogra (Overnight) Face Malai - 30g,FC-DM-PG-030,,F1108132|1
1108132,2024-08-04,Aloe Vera Gel,Aloe Vera Gel - 40 gms,FC-HG-PA-040,,F1108132|2
1108132,2024-10-29,Face Malai,Cocoa Mogra (Overnight) Face Malai - 30g,FC-DM-NR-030,,F1108132|3
1108132,2024-12-17,Face Malai,Cocoa Mogra (Overnight) Face Malai - 50g,FC-DM-NR-050,,F1108132|4
1108132,2025-02-11,Aloe Vera Gel,Aloe Vera Gel - 80 gms,FC-HG-PA-080,,F1108132|5
1108805,2026-05-18,Face Malai,Turmeric Nutmeg (Pigmentation)  Face Malai - 30g,FC-DM-PG-030,,F1108805|1
1109954,2024-05-08,Face Malai,Flax Bakuchi (Hot Dry) 35+ Face Malai - 30g,FC-HDDM-FB-030,,F1109954|1
1110237,2025-04-16,Face Malai,Tomato Rosehip (Hot Dry) 20 - 35 Yrs Face Malai - 50g,FC-HDDM-TR-050,,F1110237|1
1111006,2024-12-11,Face Malai,Flax Walnut (Cold) 35+ Face Malai,FC-CWDM-FW-030,,F1111006|1
1111271,2025-07-10,Face Malai,Turmeric Nutmeg (Pigmentation)  Face Malai - 30g,FC-DM-PG-030,,F1111271|1
1111384,2024-12-29,Face Malai,Turmeric Nutmeg (Pigmentation)  Face Malai - 30g,FC-DM-PG-030,,F1111384|1
1111769,2024-02-11,Face Malai,Cocoa Mogra (Overnight) Face Malai - 30g,FC-DM-NR-030,,F1111769|1
1112139,2025-04-20,Aloe Vera Gel,Aloe Vera Gel - 80 gms,FC-HG-PA-080,,F1112139|1
1112163,2024-11-04,Face Malai,Flax Carrot (Hot Humid) 35+ Face Malai - 50g,FC-HHDM-FC-050,,F1112163|1
1112312,2024-07-11,Face Malai,Turmeric Nutmeg (Pigmentation)  Face Malai - 30g,FC-DM-PG-030,,F1112312|1
1112388,2024-12-03,Aloe Vera Gel,Aloe Vera Gel - 40 gms,FC-HG-PA-040,,F1112388|1
1112426,2024-12-02,Face Malai,Turmeric Nutmeg (Pigmentation)  Face Malai - 30g,FC-DM-PG-030,,F1112426|1
111397,2024-08-01,Aloe Vera Gel,Aloe Vera Gel - 40 gms,FC-HG-PA-040,,F111397|1
1114559,2024-03-23,Aloe Vera Gel,Aloe Vera Gel - 40 gms,FC-HG-PA-040,,F1114559|1
111534,2025-03-12,Face Malai,Clove Tea-Tree (Anti-Acne) Face Malai,FC-DM-AA-030,,F111534|1
1115443,2024-04-05,Face Malai,Tomato Vetiver (Hot Humid) 20 - 35 Yrs Face Malai,FC-HHDM-TV-030,,F1115443|1
1115892,2024-11-18,Face Malai,Tomato Patchouli (Cold) 20 - 35 Yrs Face Malai,FC-CWDM-TP-030,,F1115892|1
1116038,2025-03-13,Aloe Vera Gel,Aloe Vera Gel - 80 gms,FC-AC-OV-050,,F1116038|1
111607,2024-07-14,Face Malai,Tomato Vetiver (Hot Humid) 20 - 35 Yrs Face Malai,FC-HHDM-TV-030,,F111607|1
1117013,2024-03-13,Face Malai,Cocoa Mogra (Overnight) Face Malai - 30g,FC-DM-NR-030,,F1117013|1
1117115,2025-11-01,Face Malai,Clove Tea-Tree (Anti-Acne) Face Malai,FC-DM-AA-030,,F1117115|1
1117476,2024-10-23,Face Malai,Flax Walnut (Cold) 35+ Face Malai,FC-CWDM-FW-030,,F1117476|1
1117476,2025-02-07,Face Malai,Tomato Rosehip (Hot Dry) 20 - 35 Yrs Face Malai - 50g,FC-HDDM-TR-050,,F1117476|2
1117476,2025-06-06,Face Malai,Tomato Rosehip (Hot Dry) 20 - 35 Yrs Face Malai - 50g,FC-HDDM-TR-050,,F1117476|3
1117476,2025-11-11,Face Malai,Tomato Patchouli (Cold) 20 - 35 Yrs Face Malai,FC-CWDM-TP-030,,F1117476|4
1117476,2026-04-15,Face Malai,Tomato Rosehip (Hot Dry) 20 - 35 Yrs Face Malai - 50g,FC-AC-BT-050,,F1117476|5
1118485,2024-09-15,Face Malai,Tomato Patchouli (Cold) 20 - 35 Yrs Face Malai,FC-CWDM-TP-030,,F1118485|1
1119150,2026-07-03,Face Malai,Clove Tea-Tree (Anti-Acne) Face Malai,FC-DM-AA-030,,F1119150|1
1119564,2025-06-21,Face Malai,Flax Walnut (Cold) 35+ Face Malai,FC-CWDM-FW-030,,F1119564|1
1119583,2024-11-27,Face Malai,Flax Walnut (Cold) 35+ Face Malai,FC-CWDM-FW-030,,F1119583|1
1120780,2024-02-07,Aloe Vera Gel,Aloe Vera Gel - 40 gms,FC-HG-PA-040,,F1120780|1
112093,2025-01-07,Aloe Vera Gel,Aloe Vera Gel - 40 gms,FC-HG-PA-040,,F112093|1
1121103,2025-08-17,Aloe Vera Gel,Aloe Vera Gel - 80 gms,FC-HG-PA-080,,F1121103|1
112134,2024-07-05,Aloe Vera Gel,Aloe Vera Gel - 40 gms,FC-HG-PA-040,,F112134|1
1121773,2024-07-10,Face Malai,Turmeric Nutmeg (Pigmentation)  Face Malai - 30g,FC-DM-PG-030,,F1121773|1
1122003,2025-07-04,Active Gel,Active Orange Kiwi Vit-C Gel,FC-AC-OK-050,,F1122003|1
1122333,2024-10-17,Face Malai,Cocoa Mogra (Overnight) Face Malai - 50g,FC-DM-NR-050,,F1122333|1
1122333,2024-12-01,Active Gel,Active Orange Kiwi Vit-C Gel,FC-AC-OK-050,,F1122333|2
1124535,2024-02-17,Aloe Vera Gel,Aloe Vera Gel - 40 gms,FC-HG-PA-040,,F1124535|1
112462,2024-05-20,Aloe Vera Gel,Aloe Vera Gel - 40 gms,FC-HG-PA-040,,F112462|1
1125013,2024-06-06,Aloe Vera Gel,Aloe Vera Gel - 40 gms,FC-HG-PA-040,,F1125013|1
1125013,2024-10-12,Face Malai,Tomato Rosehip (Hot Dry) 20 - 35 Yrs Face Malai - 30g,FC-HDDM-TR-030,,F1125013|2
1126107,2024-07-21,Face Malai,Clove Tea-Tree (Anti-Acne) Face Malai,FC-DM-AA-030,,F1126107|1
1126392,2024-06-07,Aloe Vera Gel,Aloe Vera Gel - 40 gms,FC-HG-PA-040,,F1126392|1
1126733,2024-08-22,Face Malai,Flax Carrot (Hot Humid) 35+ Face Malai - 30g,FC-HHDM-FC-030,,F1126733|1
1127149,2025-01-04,Face Malai,Flax Walnut (Cold) 35+ Face Malai,FC-CWDM-FW-030,,F1127149|1
1127449,2024-02-19,Aloe Vera Gel,Aloe Vera Gel - 40 gms,FC-HG-PA-040,,F1127449|1
1127528,2024-04-15,Aloe Vera Gel,Aloe Vera Gel - 40 gms,FC-HG-PA-040,,F1127528|1
112815,2026-04-02,Face Malai,Honey Multi-Nut (Dry & Peeling Skin) Face Malai,FC-DM-DP-030,,F112815|1
1128549,2024-05-09,Face Malai,Cocoa Mogra (Overnight) Face Malai - 30g,FC-DM-NR-030,,F1128549|1
1128862,2025-02-26,Aloe Vera Gel,Aloe Vera Gel - 80 gms,FC-HG-PA-080,,F1128862|1
1129201,2024-10-15,Aloe Vera Gel,Aloe Vera Gel - 40 gms,FC-HG-PA-040,,F1129201|1
1129345,2025-10-06,Face Malai,Tomato Vetiver (Hot Humid) 20 - 35 Yrs Face Malai,FC-HHDM-TV-030,,F1129345|1
1130207,2025-11-10,Face Malai,Tomato Patchouli (Cold) 20 - 35 Yrs Face Malai,FC-CWDM-TP-030,,F1130207|1
1130762,2025-05-24,Active Gel,Active Neem TeaTree Gel,FC-AC-NT-050,,F1130762|1
113127,2024-09-12,Face Malai,Tomato Vetiver (Hot Humid) 20 - 35 Yrs Face Malai,FC-HHDM-TV-030,,F113127|1
1131824,2024-06-09,Aloe Vera Gel,Aloe Vera Gel - 40 gms,FC-HG-PA-040,,F1131824|1
1131850,2024-05-28,Face Malai,Tomato Vetiver (Hot Humid) 20 - 35 Yrs Face Malai,FC-HHDM-TV-030,,F1131850|1
1132259,2025-08-24,Face Malai,Tomato Vetiver (Hot Humid) 20 - 35 Yrs Face Malai,FC-HHDM-TV-030,,F1132259|1
1133135,2024-10-03,Face Malai,Turmeric Nutmeg (Pigmentation)  Face Malai - 30g,FC-DM-PG-030,,F1133135|1
1133135,2025-04-01,Face Malai,Flax Carrot (Hot Humid) 35+ Face Malai - 50g,FC-HHDM-FC-050,,F1133135|2
1133255,2024-01-20,Face Malai,Turmeric Nutmeg (Pigmentation)  Face Malai - 30g,FC-DM-PG-030,,F1133255|1
113339,2025-10-09,Aloe Vera Gel,Aloe Vera Gel - 80 gms,FC-HG-PA-080,,F113339|1
113360,2024-11-16,Face Malai,Flax Walnut (Cold) 35+ Face Malai,FC-CWDM-FW-030,,F113360|1
1134165,2024-06-23,Aloe Vera Gel,Aloe Vera Gel - 40 gms,FC-HG-PA-040,,F1134165|1
113472,2024-02-06,Aloe Vera Gel,Aloe Vera Gel - 40 gms,FC-HG-PA-040,,F113472|1
113472,2024-05-08,Face Malai,Clove Tea-Tree (Anti-Acne) Face Malai,FC-DM-AA-030,,F113472|2
1138448,2024-05-03,Face Malai,Turmeric Nutmeg (Pigmentation)  Face Malai - 30g,FC-DM-PG-030,,F1138448|1
1138589,2026-02-26,Face Malai,Tomato Rosehip (Hot Dry) 20 - 35 Yrs Face Malai - 50g,FC-HDDM-TR-050,,F1138589|1
1139011,2024-08-12,Face Malai,Flax Carrot (Hot Humid) 35+ Face Malai - 30g,FC-HHDM-FC-030,,F1139011|1
113924,2025-03-09,Aloe Vera Gel,Aloe Vera Gel - 80 gms,FC-HG-PA-080,,F113924|1
1139655,2024-11-19,Aloe Vera Gel,Aloe Vera Gel - 40 gms,FC-HG-PA-040,,F1139655|1
114043,2025-10-14,Aloe Vera Gel,Aloe Vera Gel - 80 gms,FC-HG-PA-080,,F114043|1
1141258,2024-10-25,Face Malai,Flax Walnut (Cold) 35+ Face Malai,FC-CWDM-FW-030,,F1141258|1
1141951,2024-02-26,Face Malai,Flax Walnut (Cold) 35+ Face Malai,FC-CWDM-FW-030,,F1141951|1
1142110,2025-07-14,Face Malai,Flax Carrot (Hot Humid) 35+ Face Malai - 30g,FC-DM-NR-030,,F1142110|1
1142517,2024-11-15,Face Malai,Winter Blackseed Tulsi (Cold) 13 - 19 Yrs Face Malai,FC-CWDM-BT-030,,F1142517|1
1143339,2024-02-10,Aloe Vera Gel,Aloe Vera Gel - 40 gms,FC-HG-PA-040,,F1143339|1
1143426,2024-06-17,Active Gel,Active Beetroot Tomato Vit-A Gel,FC-AC-BT-050,,F1143426|1
1143426,2025-10-16,Aloe Vera Gel,Aloe Vera Gel - 80 gms,FC-HG-PA-080,,F1143426|2
1144420,2024-03-08,Face Malai,Turmeric Nutmeg (Pigmentation)  Face Malai - 30g,FC-DM-PG-030,,F1144420|1
1144773,2024-06-22,Aloe Vera Gel,Aloe Vera Gel - 40 gms,FC-HG-PA-040,,F1144773|1
1144773,2024-08-02,Face Malai,Turmeric Nutmeg (Pigmentation)  Face Malai - 30g,FC-DM-PG-030,,F1144773|2
1145077,2025-11-12,Aloe Vera Gel,Aloe Vera Gel - 80 gms,FC-HG-PA-080,,F1145077|1
1145632,2024-05-17,Face Malai,Flax Walnut (Cold) 35+ Face Malai,FC-CWDM-FW-030,,F1145632|1
114620,2024-09-28,Aloe Vera Gel,Aloe Vera Gel - 40 gms,FC-HG-PA-040,,F114620|1
1146441,2026-04-21,Face Malai,Turmeric Nutmeg (Pigmentation)  Face Malai - 30g,FC-DM-PG-030,,F1146441|1
1146772,2025-12-20,Face Malai,Flax Walnut (Cold) 35+ Face Malai,FC-CWDM-FW-030,,F1146772|1
1147314,2025-12-13,Aloe Vera Gel,Aloe Vera Gel - 80 gms,FC-HG-PA-080,,F1147314|1
1147918,2024-09-27,Face Malai,Tomato Vetiver (Hot Humid) 20 - 35 Yrs Face Malai,FC-HHDM-TV-030,,F1147918|1
1148114,2026-05-01,Face Malai,Turmeric Nutmeg (Pigmentation)  Face Malai - 50g,FC-DM-PG-050,,F1148114|1
1148166,2024-01-22,Face Malai,Flax Carrot (Hot Humid) 35+ Face Malai - 30g,FC-HHDM-FC-030,,F1148166|1
1148223,2024-03-08,Active Gel,Active Orange Kiwi Vit-C Gel,FC-DM-PG-030,,F1148223|1
114997,2024-11-11,Face Malai,Flax Walnut (Cold) 35+ Face Malai,FC-CWDM-FW-030,,F114997|1
1151176,2024-03-19,Face Malai,Tomato Vetiver (Hot Humid) 20 - 35 Yrs Face Malai,FC-HHDM-TV-030,,F1151176|1
1151782,2025-10-31,Face Malai,Tomato Patchouli (Cold) 20 - 35 Yrs Face Malai,FC-CWDM-TP-030,,F1151782|1
1151782,2025-10-31,Face Malai,Flax Bakuchi (Hot Dry) 35+ Face Malai - 50g,FC-HDDM-FB-050,,F1151782|2
1153284,2024-03-26,Aloe Vera Gel,Aloe Vera Gel - 40 gms,FC-HG-PA-040,,F1153284|1
1153940,2024-03-01,Aloe Vera Gel,Aloe Vera Gel - 40 gms,FC-HG-PA-040,,F1153940|1
1154429,2024-12-25,Face Malai,Tomato Patchouli (Cold) 20 - 35 Yrs Face Malai,FC-CWDM-TP-030,,F1154429|1
1154940,2025-04-27,Face Malai,Flax Bakuchi (Hot Dry) 35+ Face Malai - 50g,FC-HDDM-FB-050,,F1154940|1
1155169,2025-04-02,Face Malai,Flax Bakuchi (Hot Dry) 35+ Face Malai - 30g,FC-AC-OV-050,,F1155169|1
1155462,2025-01-30,Face Malai,Turmeric Nutmeg (Pigmentation)  Face Malai - 30g,FC-DM-PG-030,,F1155462|1
1155848,2025-06-30,Aloe Vera Gel,Aloe Vera Gel - 80 gms,FC-HG-PA-080,,F1155848|1
1155874,2025-01-09,Face Malai,Flax Walnut (Cold) 35+ Face Malai,FC-CWDM-FW-030,,F1155874|1
115588,2025-07-23,Face Malai,Pomegranate Tulsi (Hot Dry) 13 - 19 Yrs Face Malai,FC-HDDM-PT-030,,F115588|1
1156025,2025-08-03,Active Gel,Active Olive Vit-E Night Gel,FC-AC-OV-050,,F1156025|1
115632,2024-03-31,Face Malai,Clove Tea-Tree (Anti-Acne) Face Malai,FC-DM-AA-030,,F115632|1
1156870,2024-12-24,Face Malai,Tomato Patchouli (Cold) 20 - 35 Yrs Face Malai,FC-CWDM-TP-030,,F1156870|1
1156870,2025-04-06,Face Malai,Tomato Rosehip (Hot Dry) 20 - 35 Yrs Face Malai - 30g,FC-HDDM-TR-030,,F1156870|2
1157144,2024-02-12,Face Malai,Tomato Rosehip (Hot Dry) 20 - 35 Yrs Face Malai - 30g,FC-HDDM-TR-030,,F1157144|1
1157148,2026-05-02,Active Gel,Active Orange Kiwi Vit-C Gel,FC-AC-OK-050,,F1157148|1
1157172,2024-12-24,Face Malai,Winter Blackseed Tulsi (Cold) 13 - 19 Yrs Face Malai,FC-CWDM-BT-030,,F1157172|1
1157172,2025-04-09,Face Malai,Pomegranate Tulsi (Hot Dry) 13 - 19 Yrs Face Malai,FC-HDDM-PT-030,,F1157172|2
1157928,2024-02-11,Aloe Vera Gel,Aloe Vera Gel - 40 gms,FC-HG-PA-040,,F1157928|1
1157928,2026-02-06,Active Gel,Active Orange Kiwi Vit-C Gel,FC-AC-OK-050,,F1157928|2
1158924,2024-02-02,Face Malai,Flax Walnut (Cold) 35+ Face Malai,FC-CWDM-FW-030,,F1158924|1
1158924,2024-02-26,Face Malai,Flax Carrot (Hot Humid) 35+ Face Malai - 30g,FC-HHDM-FC-030,,F1158924|2
1158956,2024-02-10,Face Malai,Clove Tea-Tree (Anti-Acne) Face Malai,FC-DM-AA-030,,F1158956|1
1159377,2024-08-11,Face Malai,Turmeric Nutmeg (Pigmentation)  Face Malai - 30g,FC-AC-BT-050,,F1159377|1
1160042,2025-11-20,Active Gel,Active Beetroot Tomato Vit-A Gel,FC-AC-BT-050,,F1160042|1
1160204,2025-03-29,Aloe Vera Gel,Aloe Vera Gel - 80 gms,FC-HG-PA-080,,F1160204|1
1160634,2025-03-04,Face Malai,Turmeric Nutmeg (Pigmentation)  Face Malai - 30g,FC-DM-PG-030,,F1160634|1
1160765,2024-02-03,Face Malai,Flax Walnut (Cold) 35+ Face Malai,FC-CWDM-FW-030,,F1160765|1
1162725,2024-01-06,Aloe Vera Gel,Aloe Vera Gel - 40 gms,FC-HG-PA-040,,F1162725|1
1162747,2025-12-08,Face Malai,Flax Walnut (Cold) 35+ Face Malai,FC-CWDM-FW-030,,F1162747|1
1163575,2024-12-17,Aloe Vera Gel,Aloe Vera Gel - 40 gms,FC-HG-PA-040,,F1163575|1
1163575,2025-02-23,Aloe Vera Gel,Aloe Vera Gel - 80 gms,FC-HG-PA-080,,F1163575|2
1163575,2025-11-11,Aloe Vera Gel,Aloe Vera Gel - 80 gms,FC-HG-PA-080,,F1163575|3
1164174,2025-10-02,Face Malai,Turmeric Nutmeg (Pigmentation)  Face Malai - 50g,FC-DM-PG-050,,F1164174|1
1165203,2025-07-15,Face Malai,Turmeric Nutmeg (Pigmentation)  Face Malai - 30g,FC-DM-PG-030,,F1165203|1
1165203,2025-12-16,Face Malai,Flax Walnut (Cold) 35+ Face Malai,FC-CWDM-FW-030,,F1165203|2
1165689,2024-08-03,Face Malai,Clove Tea-Tree (Anti-Acne) Face Malai,FC-DM-AA-030,,F1165689|1
116569,2024-12-14,Face Malai,Flax Walnut (Cold) 35+ Face Malai,FC-CWDM-FW-030,,F116569|1
1166473,2024-03-16,Aloe Vera Gel,Aloe Vera Gel - 40 gms,FC-HG-PA-040,,F1166473|1
1166473,2024-09-30,Face Malai,Cocoa Mogra (Overnight) Face Malai - 30g,FC-HDDM-FB-030,,F1166473|2
1166473,2024-11-19,Face Malai,Flax Walnut (Cold) 35+ Face Malai,FC-CWDM-FW-030,,F1166473|3
1166473,2025-01-03,Face Malai,Honey Multi-Nut (Dry & Peeling Skin) Face Malai,FC-DM-DP-030,,F1166473|4
1166473,2025-03-27,Face Malai,Flax Bakuchi (Hot Dry) 35+ Face Malai - 30g,FC-HDDM-FB-030,,F1166473|5
1166473,2025-08-16,Face Malai,Pomegranate Tulsi (Hot Dry) 13 - 19 Yrs Face Malai,FC-HDDM-PT-030,,F1166473|6
116678,2024-01-31,Face Malai,Tomato Patchouli (Cold) 20 - 35 Yrs Face Malai,FC-CWDM-TP-030,,F116678|1
1166885,2026-03-26,Aloe Vera Gel,Aloe Vera Gel - 80 gms,FC-HG-PA-080,,F1166885|1
1167639,2024-11-17,Aloe Vera Gel,Aloe Vera Gel - 40 gms,FC-HG-PA-040,,F1167639|1
1168883,2024-02-14,Face Malai,Turmeric Nutmeg (Pigmentation)  Face Malai - 30g,FC-DM-PG-030,,F1168883|1
1168975,2024-11-15,Aloe Vera Gel,Aloe Vera Gel - 40 gms,FC-HG-PA-040,,F1168975|1
1169422,2024-03-31,Face Malai,Flax Bakuchi (Hot Dry) 35+ Face Malai - 30g,FC-HDDM-FB-030,,F1169422|1
1169574,2024-03-10,Face Malai,Clove Tea-Tree (Anti-Acne) Face Malai,FC-DM-AA-030,,F1169574|1
116973,2024-01-10,Face Malai,Honey Multi-Nut (Dry & Peeling Skin) Face Malai,FC-DM-DP-030,,F116973|1
1170006,2025-05-14,Face Malai,Flax Bakuchi (Hot Dry) 35+ Face Malai - 30g,FC-HDDM-FB-030,,F1170006|1
117128,2025-04-09,Active Gel,Active Orange Kiwi Vit-C Gel,FC-AC-OK-050,,F117128|1
1171331,2024-07-26,Aloe Vera Gel,Aloe Vera Gel - 40 gms,FC-HG-PA-040,,F1171331|1
1171545,2024-02-07,Aloe Vera Gel,Aloe Vera Gel - 40 gms,FC-HG-PA-040,,F1171545|1
1171997,2024-03-25,Face Malai,Flax Bakuchi (Hot Dry) 35+ Face Malai - 30g,FC-HDDM-FB-030,,F1171997|1
117323,2025-02-20,Face Malai,Turmeric Nutmeg (Pigmentation)  Face Malai - 30g,FC-AC-BT-050,,F117323|1
1174806,2024-11-14,Face Malai,Flax Walnut (Cold) 35+ Face Malai,FC-CWDM-FW-030,,F1174806|1
1174806,2024-11-15,Aloe Vera Gel,Aloe Vera Gel - 40 gms,FC-HG-PA-040,,F1174806|2
1175037,2024-01-05,Face Malai,Winter Blackseed Tulsi (Cold) 13 - 19 Yrs Face Malai,FC-HG-PA-040,,F1175037|1
1175037,2024-02-07,Face Malai,Cocoa Mogra (Overnight) Face Malai - 30g,FC-DM-NR-030,,F1175037|2
1177090,2025-11-09,Face Malai,Turmeric Nutmeg (Pigmentation)  Face Malai - 50g,FC-DM-PG-050,,F1177090|1
1177090,2026-03-24,Face Malai,Turmeric Nutmeg (Pigmentation)  Face Malai - 50g,FC-DM-PG-050,,F1177090|2
1177116,2024-04-30,Aloe Vera Gel,Aloe Vera Gel - 40 gms,FC-HG-PA-040,,F1177116|1
1177637,2024-03-18,Active Gel,Active Olive Vit-E Night Gel,FC-AC-OV-050,,F1177637|1
1177928,2026-02-05,Aloe Vera Gel,Aloe Vera Gel - 80 gms,FC-HG-PA-080,,F1177928|1
1179345,2025-11-06,Face Malai,Tomato Vetiver (Hot Humid) 20 - 35 Yrs Face Malai,FC-HHDM-TV-030,,F1179345|1
1179345,2026-05-05,Active Gel,Active Olive Vit-E Night Gel,FC-AC-OV-050,,F1179345|2
1179396,2025-10-26,Face Malai,Cocoa Mogra (Overnight) Face Malai - 30g,FC-DM-NR-030,,F1179396|1
1179396,2025-10-26,Face Malai,Tomato Patchouli (Cold) 20 - 35 Yrs Face Malai,FC-CWDM-TP-030,,F1179396|2
1180153,2024-01-21,Face Malai,GreenApple Tulsi (Hot Humid) 13 - 19 Yrs Face Malai,FC-HHDM-GAT-030,,F1180153|1
1182285,2024-05-31,Aloe Vera Gel,Aloe Vera Gel - 40 gms,FC-HG-PA-040,,F1182285|1
1184424,2024-04-03,Aloe Vera Gel,Aloe Vera Gel - 40 gms,FC-HG-PA-040,,F1184424|1
1184424,2025-03-14,Face Malai,Flax Walnut (Cold) 35+ Face Malai,FC-CWDM-FW-030,,F1184424|2
1184758,2025-11-07,Aloe Vera Gel,Aloe Vera Gel - 80 gms,FC-HG-PA-080,,F1184758|1
118480,2024-12-17,Active Gel,Active Orange Kiwi Vit-C Gel,FC-AC-OK-050,,F118480|1
1185235,2024-09-17,Face Malai,Tomato Rosehip (Hot Dry) 20 - 35 Yrs Face Malai - 30g,FC-HDDM-TR-030,,F1185235|1
1185634,2025-07-14,Aloe Vera Gel,Aloe Vera Gel - 80 gms,FC-HG-PA-080,,F1185634|1
1186147,2026-01-07,Face Malai,Cocoa Mogra (Overnight) Face Malai - 30g,FC-DM-NR-030,,F1186147|1
1186205,2024-08-14,Active Gel,Active Olive Vit-E Night Gel,FC-AC-OV-050,,F1186205|1
1186385,2025-03-07,Face Malai,Flax Carrot (Hot Humid) 35+ Face Malai - 30g,FC-HHDM-FC-030,,F1186385|1
1186385,2025-03-28,Aloe Vera Gel,Aloe Vera Gel - 80 gms,FC-HG-PA-080,,F1186385|2
1186385,2025-06-01,Face Malai,Flax Carrot (Hot Humid) 35+ Face Malai - 30g,FC-HHDM-FC-030,,F1186385|3
1186385,2025-10-16,Aloe Vera Gel,Aloe Vera Gel - 80 gms,FC-HG-PA-080,,F1186385|4
1186789,2024-05-02,Face Malai,Cocoa Mogra (Overnight) Face Malai - 30g,FC-DM-NR-030,,F1186789|1
1186789,2024-07-13,Face Malai,Cocoa Mogra (Overnight) Face Malai - 30g,FC-DM-NR-030,,F1186789|2
1186789,2025-02-07,Face Malai,Cocoa Mogra (Overnight) Face Malai - 30g,FC-DM-NR-030,,F1186789|3
1186789,2025-03-16,Face Malai,Cocoa Mogra (Overnight) Face Malai - 30g,FC-DM-NR-030,,F1186789|4
1186789,2025-06-07,Active Gel,Active Beetroot Tomato Vit-A Gel,FC-AC-BT-050,,F1186789|5
1186789,2025-08-22,Face Malai,Turmeric Nutmeg (Pigmentation)  Face Malai - 30g,FC-DM-PG-030,,F1186789|6
118753,2024-02-29,Face Malai,Tomato Vetiver (Hot Humid) 20 - 35 Yrs Face Malai,FC-HHDM-TV-030,,F118753|1
1189185,2025-07-20,Face Malai,Honey Multi-Nut (Dry & Peeling Skin) Face Malai,FC-DM-DP-030,,F1189185|1
1189433,2024-07-19,Face Malai,Turmeric Nutmeg (Pigmentation)  Face Malai - 30g,FC-DM-PG-030,,F1189433|1
1189433,2024-10-01,Face Malai,Turmeric Nutmeg (Pigmentation)  Face Malai - 30g,FC-DM-PG-030,,F1189433|2
1191400,2024-09-15,Face Malai,Flax Carrot (Hot Humid) 35+ Face Malai - 50g,FC-HHDM-FC-050,,F1191400|1
119158,2024-10-11,Face Malai,Flax Bakuchi (Hot Dry) 35+ Face Malai - 50g,FC-HDDM-FB-050,,F119158|1
1191643,2024-11-13,Face Malai,Flax Walnut (Cold) 35+ Face Malai,FC-CWDM-FW-030,,F1191643|1
1192064,2025-08-26,Face Malai,Flax Walnut (Cold) 35+ Face Malai,FC-CWDM-FW-030,,F1192064|1
1192064,2026-02-22,Face Malai,Turmeric Nutmeg (Pigmentation)  Face Malai - 50g,FC-HDDM-PT-030,,F1192064|2
1192349,2026-05-03,Face Malai,Turmeric Nutmeg (Pigmentation)  Face Malai - 50g,FC-DM-PG-050,,F1192349|1
1192447,2025-07-03,Active Gel,Active Orange Kiwi Vit-C Gel,FC-AC-OK-050,,F1192447|1
1192967,2024-02-21,Face Malai,Turmeric Nutmeg (Pigmentation)  Face Malai - 30g,FC-DM-PG-030,,F1192967|1
1192991,2024-08-12,Face Malai,Flax Carrot (Hot Humid) 35+ Face Malai - 50g,FC-HHDM-FC-050,,F1192991|1
1194702,2024-12-05,Aloe Vera Gel,Aloe Vera Gel - 40 gms,FC-HG-PA-040,,F1194702|1
1195102,2024-02-11,Aloe Vera Gel,Aloe Vera Gel - 40 gms,FC-HG-PA-040,,F1195102|1
1196605,2024-08-20,Active Gel,Active Olive Vit-E Night Gel,FC-AC-OV-050,,F1196605|1
1196846,2025-10-13,Aloe Vera Gel,Aloe Vera Gel - 80 gms,FC-HG-PA-080,,F1196846|1
